segment_id,latitude,longitude,current_speed,free_flow_speed,jam_factor,traffic_level,confidence,timestamp,road_type,length
segment_0,19.057306849915893,73.18028572256397,45.25966679962728,63.946339367881464,0.2922242735545859,FLOWING,0.7468055921327309,2025-10-02T21:06:07.009567,LOCAL,289.9523400542055
segment_1,19.092884534625664,72.9334834444556,12.857674985706744,66.03553891795411,0.805291586978918,CONGESTED,0.71692347370813,2025-10-02T21:06:07.009567,ARTERIAL,503.4443102887247
segment_2,18.976366486226983,72.87336180394138,21.733323362774573,60.990257265289515,0.6436590967596502,CONGESTED,0.8295835055926347,2025-10-02T21:06:07.009567,HIGHWAY,1097.0718544909394
segment_3,19.067941608120407,72.81866626528544,58.556553536280255,49.31085361721217,-0.18749827352087922,FLOWING,0.7271819303598462,2025-10-02T21:06:07.009567,ARTERIAL,479.3801861008835
segment_4,19.115978464133715,73.03696582754482,7.554772699599875,64.30179407605753,0.8825107011685563,CONGESTED,0.7511572371061874,2025-10-02T21:06:07.009567,LOCAL,125.2034262037464
segment_5,19.295724737387637,73.02531528713821,26.197907639695387,40.63865008880857,0.3553450328088039,SLOW,0.7692681476866446,2025-10-02T21:06:07.009567,LOCAL,1398.2006857683707
segment_6,19.156198596268702,73.13327796469447,14.535055942927464,55.64242430292963,0.7387774503893754,CONGESTED,0.7546708263364187,2025-10-02T21:06:07.009567,ARTERIAL,907.796161533365
segment_7,18.987335498404637,73.027080131128,6.722231085055722,73.69139098379995,0.9087786104277294,CONGESTED,0.8349262400109296,2025-10-02T21:06:07.009567,ARTERIAL,1800.1719658125328
segment_8,19.151117991100655,73.16874969400925,9.867087612855572,47.83931449676581,0.7937452131860576,CONGESTED,0.7135681866731614,2025-10-02T21:06:07.009567,HIGHWAY,838.4868504100158
segment_9,19.013966593345035,73.13149500366077,24.62143296814741,51.23738038749523,0.5194634701863796,SLOW,0.8628088249474746,2025-10-02T21:06:07.009567,HIGHWAY,662.9196608377565
segment_10,18.96941211440646,72.80625456269648,28.28708143885033,55.79526072702279,0.4930199972136645,SLOW,0.7880464524154114,2025-10-02T21:06:07.009567,LOCAL,1649.3767140641849
segment_11,19.196880084415998,73.0916028672164,47.419869067727014,42.96178606936361,-0.10376856751638863,FLOWING,0.8075397185632818,2025-10-02T21:06:07.010065,HIGHWAY,1838.4233835331834
segment_12,19.257016202671714,72.97978026965528,10.247556406972622,54.832730087930656,0.8131124167893979,CONGESTED,0.9006523757990822,2025-10-02T21:06:07.010065,HIGHWAY,1486.2517388423216
segment_13,19.16777413796919,73.15488509703053,30.97182088390721,44.78376983753207,0.30841416441117553,SLOW,0.9139734361668985,2025-10-02T21:06:07.010065,HIGHWAY,1471.286090213259
segment_14,18.999113666294562,72.90242732910453,7.223847424613724,68.4265155874315,0.89442912060335,CONGESTED,0.7332672462435493,2025-10-02T21:06:07.010065,HIGHWAY,483.26648443725276
segment_15,19.27622071018288,72.99014808927285,35.9801564587011,67.8206434570451,0.46948075652674237,SLOW,0.7417994363217627,2025-10-02T21:06:07.010065,LOCAL,879.7275537676965
segment_16,19.21733147818808,72.89151926619665,9.233895040583615,51.59005811655072,0.8210140601175002,CONGESTED,0.7483663861762013,2025-10-02T21:06:07.010065,ARTERIAL,1286.2726914542072
segment_17,19.02416614805184,72.8421977039321,30.109401376560065,48.737617488673344,0.38221433611198763,SLOW,0.8249529843611099,2025-10-02T21:06:07.010065,ARTERIAL,1124.7502596397364
segment_18,19.239124865168908,73.1584365199694,22.49019112345251,44.40207698110707,0.49348785794362704,SLOW,0.7683805487625824,2025-10-02T21:06:07.010065,ARTERIAL,100.98871629110006
segment_19,19.04807891966035,72.92191250326321,14.056071922861795,61.36357677501768,0.7709378647467581,CONGESTED,0.8454489914076949,2025-10-02T21:06:07.010065,HIGHWAY,327.7441979339973
segment_20,19.041798371989522,73.17716388156501,22.77616126114154,60.75162486973464,0.6250937928001296,CONGESTED,0.9109056876685533,2025-10-02T21:06:07.010065,HIGHWAY,223.29526950706497
segment_21,19.006644473852425,72.89875042513543,43.29673500618836,68.49082359697768,0.36784619117795325,SLOW,0.74442607898602,2025-10-02T21:06:07.010065,HIGHWAY,606.8839271230415
segment_22,19.310178281449716,72.9644148053273,6.817790309530161,53.80284992106732,0.8732819856284127,CONGESTED,0.8903054034104091,2025-10-02T21:06:07.010065,ARTERIAL,375.3002569733239
segment_23,19.105570159316574,73.19426018164424,18.313039933132522,66.88542189623514,0.7262028194792125,CONGESTED,0.9284858845986153,2025-10-02T21:06:07.010065,LOCAL,560.1038827271092
segment_24,19.237318697679555,72.98812025377842,59.088272749216365,55.952977697782124,-0.05603446287289415,FLOWING,0.9449295619658151,2025-10-02T21:06:07.010065,HIGHWAY,386.363333534316
segment_25,19.113443486231102,73.07832512271635,52.209734264754594,53.03835620807539,0.01562306984156936,FLOWING,0.7660723142696645,2025-10-02T21:06:07.010565,ARTERIAL,1072.9768107686339
segment_26,18.995128225583134,73.05806911616378,14.59015359527453,67.63750952409865,0.7842890180621422,CONGESTED,0.8160206038901612,2025-10-02T21:06:07.010565,ARTERIAL,1691.6492012239232
segment_27,19.183789849156497,73.09408644769631,16.49893914057425,61.65791895310264,0.732411676866301,CONGESTED,0.9087353198035246,2025-10-02T21:06:07.010565,LOCAL,1353.96968746494
segment_28,19.24323332408451,73.02208032463979,34.130781809580355,49.67409163601807,0.3129057686717205,SLOW,0.7279308303417698,2025-10-02T21:06:07.010565,HIGHWAY,1810.7943086103278
segment_29,19.165902612054772,72.93561191641948,24.20652660369635,69.03822715480958,0.6493750259632791,CONGESTED,0.9691330779857732,2025-10-02T21:06:07.010565,ARTERIAL,1581.7635371294853
segment_30,19.1696532913848,72.83365598599802,13.889579275203758,75.94216754108317,0.8171032020163267,CONGESTED,0.881928717897877,2025-10-02T21:06:07.010565,LOCAL,807.3372564673118
segment_31,19.29485604583227,73.18946553470212,20.615653610560614,52.21455441377574,0.6051741924829757,CONGESTED,0.845684126075868,2025-10-02T21:06:07.010565,LOCAL,1338.726393054941
segment_32,18.994193109973434,73.08487168853901,18.048699812324003,53.01598792637071,0.659561190533877,CONGESTED,0.9239474215354072,2025-10-02T21:06:07.010565,LOCAL,1469.7858560790455
segment_33,19.029385532578004,73.01701609222197,32.984774226131805,65.4533047274358,0.4960563967932744,SLOW,0.7751385455816752,2025-10-02T21:06:07.010565,ARTERIAL,1948.7200540296467
segment_34,19.065101044360038,73.15681862207084,39.712624429849456,71.79245214166593,0.44684123128312014,SLOW,0.8507911279315576,2025-10-02T21:06:07.010565,LOCAL,1035.7836182558412
segment_35,18.982002054875178,73.0889808461046,20.442479934247068,40.97263865725815,0.501069967564177,SLOW,0.8936416887721503,2025-10-02T21:06:07.010565,HIGHWAY,1989.645970514948
segment_36,19.097376695876196,72.9118241367187,53.59217122464424,69.90875095589655,0.23339824425623024,FLOWING,0.985921554107186,2025-10-02T21:06:07.010565,HIGHWAY,913.5498818028972
segment_37,19.305995023998342,73.1854479908357,51.91552005070481,51.77795568278343,-0.002656813427786897,FLOWING,0.8155293185805775,2025-10-02T21:06:07.010565,LOCAL,610.102228091298
segment_38,19.10381754719605,72.94907474683762,26.70803067452097,73.76852562905245,0.6379481567949017,CONGESTED,0.9790050504432495,2025-10-02T21:06:07.010565,ARTERIAL,284.6353381644602
segment_39,19.158303035213653,73.19602154004171,12.704620838008822,60.73318609454947,0.7908125416270726,CONGESTED,0.9632119215783866,2025-10-02T21:06:07.010565,HIGHWAY,1712.4726103568814
segment_40,18.95738095920565,73.08356439876405,35.40509872993493,51.86040574591194,0.3173000052602588,SLOW,0.8259342569338829,2025-10-02T21:06:07.010565,ARTERIAL,1747.437405302197
segment_41,19.283561032073717,73.00453695954438,32.58339620779598,71.931807158671,0.5470238063681372,SLOW,0.8949891792333295,2025-10-02T21:06:07.010565,ARTERIAL,1612.006071928592
segment_42,19.273802243563377,72.93519806274061,25.65706239519692,43.75927759363476,0.41367719473209486,SLOW,0.8734840422988521,2025-10-02T21:06:07.011065,ARTERIAL,723.4900682019907
segment_43,18.96511747902565,73.19273635532421,51.141342613814984,74.416184732467,0.3127658613825367,SLOW,0.7750754081547592,2025-10-02T21:06:07.011065,ARTERIAL,1662.9410652533506
segment_44,19.051280069392728,72.85082420506075,33.72337930301424,70.79974212394444,0.5236793483798721,SLOW,0.7647463082490529,2025-10-02T21:06:07.011065,HIGHWAY,968.8038070660842
segment_45,19.253649691505032,72.87775201359794,27.62446477811732,67.98048843068776,0.5936412724324134,SLOW,0.7415059277253404,2025-10-02T21:06:07.011065,HIGHWAY,1942.120047516902
segment_46,19.20012994375558,72.81642700670714,26.9351495794637,57.340829503229685,0.5302622962936628,SLOW,0.9232127928997346,2025-10-02T21:06:07.011065,ARTERIAL,148.16641248936926
segment_47,19.304312334164727,73.13439204820489,43.27858133515339,56.35811777657079,0.23207901465536218,FLOWING,0.7519882960212537,2025-10-02T21:06:07.011065,HIGHWAY,940.4692364890984
segment_48,19.00071069084611,72.83754931603251,15.057629840901903,77.38455989358839,0.8054181627238345,CONGESTED,0.8914811781530051,2025-10-02T21:06:07.011065,HIGHWAY,1502.0041417219602
segment_49,19.132828702054788,73.04468829849374,28.078003433528444,49.9092395800463,0.43741872908129775,SLOW,0.8067918035953785,2025-10-02T21:06:07.011065,HIGHWAY,328.31283083072015
segment_50,19.043589460020886,72.83671962632538,10.178634354770807,52.45653237565177,0.8059605945379774,CONGESTED,0.9938531585864525,2025-10-02T21:06:07.011065,HIGHWAY,1000.9302752659179
segment_51,18.94109034747342,72.99664635004673,31.040947392931113,46.92807479640061,0.3385420661809898,SLOW,0.8301554947713918,2025-10-02T21:06:07.011065,LOCAL,191.31195597436408
segment_52,19.298641207268382,73.15467215491923,19.34914928379427,40.61218161161539,0.5235629184160777,SLOW,0.9800308924238449,2025-10-02T21:06:07.011065,HIGHWAY,1124.8171519601187
segment_53,19.18726478314722,73.04634046575596,56.91403825084164,77.77006388500669,0.26817549828689147,FLOWING,0.9601596800665011,2025-10-02T21:06:07.011065,LOCAL,1621.8036598965596
segment_54,19.184410703800854,73.02934681666878,12.06751942786506,72.44816706944012,0.8334323708107262,CONGESTED,0.9461918427231866,2025-10-02T21:06:07.011065,LOCAL,1658.8110031654094
segment_55,19.17362360418027,72.88267374395069,20.06786200266236,48.58356478833497,0.5869413434338868,SLOW,0.8131777249683927,2025-10-02T21:06:07.011065,HIGHWAY,279.44162543626396
segment_56,19.18686284483487,72.8284754593841,22.54365966615687,73.79501243877817,0.6945097111426122,CONGESTED,0.7069815807207477,2025-10-02T21:06:07.011065,ARTERIAL,595.3196036482159
segment_57,19.10833573080323,73.07715614347677,24.158513244925857,77.46592607422829,0.6881401350346341,CONGESTED,0.7117558980026938,2025-10-02T21:06:07.011065,HIGHWAY,1626.6137677312122
segment_58,19.01845452047995,72.87097581751189,46.28381134024721,72.27338957069057,0.35960093175127705,SLOW,0.997151542600202,2025-10-02T21:06:07.011065,ARTERIAL,575.0312535105988
segment_59,19.143828485184443,73.14684664288389,35.90266806790755,49.543874391613606,0.27533588140242693,FLOWING,0.9039534339700738,2025-10-02T21:06:07.011565,LOCAL,1533.6314607608965
segment_60,18.94331202491109,73.16102116267183,32.788880484632145,73.05829864430967,0.5511956739607706,SLOW,0.7960148803091835,2025-10-02T21:06:07.011565,LOCAL,289.9712856075404
segment_61,18.922463824633894,73.18341659875328,51.59287292525744,54.19620761850882,0.048035366451771866,FLOWING,0.9870402655379369,2025-10-02T21:06:07.011565,LOCAL,1906.1535791813567
segment_62,19.14084391301178,73.05273488486792,29.664503708807587,51.72843086792258,0.4265338574728951,SLOW,0.7985993636109747,2025-10-02T21:06:07.011565,LOCAL,504.18300054603503
segment_63,19.29740170801031,73.11251842018848,11.240553110959642,77.2371642274917,0.8544670402728394,CONGESTED,0.992274462560323,2025-10-02T21:06:07.011565,ARTERIAL,1144.1048764150976
segment_64,19.08544281057682,73.15508167310333,24.30032569036433,44.682680657104235,0.456157837152934,SLOW,0.7428975046158507,2025-10-02T21:06:07.011565,ARTERIAL,1690.2313610510103
segment_65,19.264084856230554,73.13539230550559,28.435031127581762,48.90305670284122,0.4185428673637549,SLOW,0.8189954805862756,2025-10-02T21:06:07.011565,LOCAL,1441.8602315973428
segment_66,18.934166487869597,72.83393508563408,59.26517681756465,54.97083183024481,-0.07812042940483765,FLOWING,0.8111926441200672,2025-10-02T21:06:07.011565,HIGHWAY,1899.7722970293316
segment_67,19.314120446805607,73.10135127410358,25.694277204200368,43.340028667946754,0.4071467418478373,SLOW,0.933144074778231,2025-10-02T21:06:07.011565,ARTERIAL,1439.6602921636538
segment_68,19.00446414486072,72.93210101160764,28.894851446854926,50.14728695492555,0.4238003050329161,SLOW,0.8215606260344251,2025-10-02T21:06:07.011565,ARTERIAL,206.97622379549097
segment_69,18.94990352483259,72.84701049871084,40.7065666163835,69.84179517061693,0.41716036197321127,SLOW,0.8750106295291479,2025-10-02T21:06:07.011565,ARTERIAL,860.4234964568471
segment_70,19.100640254169694,72.83315652867734,34.060356671346504,57.45343326426224,0.40716586048595516,SLOW,0.9406327747080202,2025-10-02T21:06:07.011565,HIGHWAY,1942.769770744514
segment_71,18.91812716301924,73.15645724547923,34.02356099974649,79.71859184477202,0.5732041897328399,SLOW,0.7221389694206196,2025-10-02T21:06:07.011565,LOCAL,1421.2811339026302
segment_72,18.9316825097777,72.8664861727637,16.924500862257016,51.779757873577196,0.6731444572688229,CONGESTED,0.9987494125088112,2025-10-02T21:06:07.011565,ARTERIAL,1210.1971926538904
segment_73,19.278486364406216,72.81817855213659,20.452975427572667,78.01645936306235,0.7378376871425119,CONGESTED,0.967079135167275,2025-10-02T21:06:07.011565,HIGHWAY,627.0242476641521
segment_74,18.97901088708398,72.98547936197599,24.434372541432904,63.34624447403488,0.6142727521684674,CONGESTED,0.7233203910894954,2025-10-02T21:06:07.011565,HIGHWAY,593.904739423099
segment_75,19.09036115566811,72.81292638044386,20.386992894292014,56.44826883488745,0.6388375885552051,CONGESTED,0.8808345646069895,2025-10-02T21:06:07.011565,HIGHWAY,353.0517379251244
segment_76,18.932004159431646,73.17621273085416,27.915148175616356,63.246504847233055,0.5586293939397411,SLOW,0.9757529655506678,2025-10-02T21:06:07.012065,ARTERIAL,1872.184118372625
segment_77,19.263746833590172,72.81808746804248,6.45018359734886,55.05853467512198,0.8828486149257555,CONGESTED,0.9431659992345498,2025-10-02T21:06:07.012065,LOCAL,385.7920930967035
segment_78,19.149534900447897,72.95235634265241,58.34529187980318,73.68475692542835,0.20817691047212472,FLOWING,0.9514986114133414,2025-10-02T21:06:07.012065,ARTERIAL,169.9615485083836
segment_79,18.956217889896266,72.8054687859308,9.144748319385428,67.66857588675649,0.8648597491590604,CONGESTED,0.8603038825088389,2025-10-02T21:06:07.012065,HIGHWAY,1993.6099904404202
segment_80,19.133281316353102,73.1075949660722,56.96211514353354,73.98589562709645,0.2300949436277171,FLOWING,0.7742044305229593,2025-10-02T21:06:07.012065,ARTERIAL,489.5861241623973
segment_81,19.005605824594955,72.90989271881037,16.397520695443106,75.12882669916769,0.7817412913807056,CONGESTED,0.9270997396516686,2025-10-02T21:06:07.012065,ARTERIAL,780.5091642623969
segment_82,18.947694188723844,73.06862927823713,33.61692354970863,70.89273566942558,0.525805807431877,SLOW,0.856049050333598,2025-10-02T21:06:07.012065,HIGHWAY,1148.6229936715226
segment_83,19.13559394804486,73.15066144106333,27.191557641681836,45.36060913802563,0.4005469027335602,SLOW,0.7086348028940016,2025-10-02T21:06:07.012065,LOCAL,1590.8697014941881
segment_84,19.16853176992918,73.12201786700774,54.67330822721444,64.69054848389169,0.15484859058153755,FLOWING,0.9941388175277134,2025-10-02T21:06:07.012065,ARTERIAL,1220.8436050238029
segment_85,19.064742498941886,72.9749899688095,54.728728197156165,53.930218680932015,-0.014806346715342977,FLOWING,0.8541968467479433,2025-10-02T21:06:07.012065,LOCAL,853.4312864104133
segment_86,19.161276414095706,73.1449454834987,57.223634301170314,45.882939237161516,-0.2471658366389864,FLOWING,0.9779762875484483,2025-10-02T21:06:07.012065,ARTERIAL,1560.9437084992553
segment_87,18.927819110697783,72.81834450656186,39.14431264321502,53.89653632901657,0.2737137614140024,FLOWING,0.7627392373235542,2025-10-02T21:06:07.012065,LOCAL,556.2766756785668
segment_88,18.931862597805637,72.85155188876426,12.042521142677483,46.07610774049177,0.738638488943056,CONGESTED,0.741648151794823,2025-10-02T21:06:07.012065,HIGHWAY,1803.8979788214224
segment_89,19.099063888910404,73.06702309540842,14.477592916089641,47.69156075234683,0.6964328135271349,CONGESTED,0.7122605848799436,2025-10-02T21:06:07.012065,HIGHWAY,755.6569928625348
segment_90,19.046000070082727,72.81272187259407,35.179342006407474,61.37694014930092,0.42683128352712185,SLOW,0.8067974452815958,2025-10-02T21:06:07.012065,ARTERIAL,792.1127359913434
segment_91,19.11143525375904,73.07615793145175,7.162167691260441,71.9764159563617,0.9004928545538755,CONGESTED,0.8883701168472723,2025-10-02T21:06:07.012065,LOCAL,1072.1483257397963
segment_92,18.9659306267408,72.95091438609683,5.142726341100561,74.73204428142347,0.9311844552019177,CONGESTED,0.7253551023042045,2025-10-02T21:06:07.012065,LOCAL,450.5899367771169
segment_93,18.987926715801418,72.94818884111655,31.648764185506174,64.73019086121184,0.5110664163903924,SLOW,0.8106740918709316,2025-10-02T21:06:07.012565,ARTERIAL,1520.1947824541373
segment_94,18.91540694521405,72.9009747777376,44.234227223650386,75.80827350748797,0.41649868573670723,SLOW,0.8535032326346998,2025-10-02T21:06:07.012565,LOCAL,157.8970901938289
segment_95,19.264230292051383,72.94165866831725,26.844010787724535,44.194766661299234,0.3925975219316753,SLOW,0.9212215618281457,2025-10-02T21:06:07.012565,ARTERIAL,1171.533674835789
segment_96,19.25309819406873,72.83568173148483,34.443456020853795,49.32865646199205,0.30175564284033085,SLOW,0.802878059283478,2025-10-02T21:06:07.012565,HIGHWAY,1390.2944063745301
segment_97,19.231451920215083,72.99937687957163,9.780615844808302,61.48426167274191,0.8409248874636095,CONGESTED,0.8760523354062637,2025-10-02T21:06:07.012565,HIGHWAY,1172.4712307930183
segment_98,19.05908450289954,72.93497873354876,54.480606842975675,64.30220889174291,0.15274128553348076,FLOWING,0.7733059466393963,2025-10-02T21:06:07.012565,LOCAL,1974.3789727066614
segment_99,19.154425424129894,72.89489071669439,10.598035994122206,46.114365567373284,0.7701792952428581,CONGESTED,0.7737873185153524,2025-10-02T21:06:07.012565,ARTERIAL,454.4773456974809
segment_100,19.019739970851415,72.8693494381179,54.32209835445338,43.20934982646569,-0.2571838866499476,FLOWING,0.8573534168710764,2025-10-02T21:06:07.012565,HIGHWAY,1966.5193721263522
segment_101,18.94705633891058,72.9591422396183,58.32087383014529,74.62028503575921,0.2184313715473345,FLOWING,0.9451216212847839,2025-10-02T21:06:07.012565,HIGHWAY,1032.4226805916906
segment_102,19.203616360581144,73.12834458926135,44.51514989601045,61.40146928179642,0.27501490735161005,FLOWING,0.8429858452379235,2025-10-02T21:06:07.012565,HIGHWAY,1562.0365730646802
segment_103,18.978558374394158,72.9294716945617,28.399004123902923,60.3044151473782,0.5290725553925284,SLOW,0.772722919724524,2025-10-02T21:06:07.012565,LOCAL,1443.7371817244446
segment_104,19.222467390605992,72.83491607183586,32.83571759976408,77.28057369027736,0.5751103280966569,SLOW,0.7961926576478543,2025-10-02T21:06:07.012565,LOCAL,198.46471996261113
segment_105,19.041373796841444,72.85376587077559,8.485623376002227,79.5984092955978,0.893394560882619,CONGESTED,0.7967061534924169,2025-10-02T21:06:07.012565,ARTERIAL,266.94941136104796
segment_106,18.958306404845647,72.80108435976572,11.418283527792472,58.92664804207569,0.8062288640677573,CONGESTED,0.8818305643167516,2025-10-02T21:06:07.012565,LOCAL,762.8497064316911
segment_107,19.290402240584086,73.13224776311509,58.076480086658194,44.97188893942179,-0.29139516832145085,FLOWING,0.9192602425610933,2025-10-02T21:06:07.012565,HIGHWAY,489.5034391011508
segment_108,19.059276005684794,73.17057976943589,44.68781029132025,41.92378575856351,-0.06592974567408061,FLOWING,0.9344543445254245,2025-10-02T21:06:07.012565,LOCAL,1611.0078925337914
segment_109,18.984683474420052,72.86546237714629,14.034618886204612,72.58298880925528,0.8066403834225271,CONGESTED,0.89955916620886,2025-10-02T21:06:07.012565,ARTERIAL,1824.9456478787804
segment_110,19.032802564564527,73.03532267031802,42.56401348794228,58.077944051961566,0.26712258529914856,FLOWING,0.9141347364565978,2025-10-02T21:06:07.012565,LOCAL,1285.7929339454915
segment_111,19.126708046004147,72.97549787015534,36.76174489983691,54.214498072735836,0.32192040493455776,SLOW,0.8174446330604506,2025-10-02T21:06:07.013065,ARTERIAL,1132.7504361165784
segment_112,19.28071828660511,73.0496951983656,11.429392238960023,77.59328494453901,0.8527012711585886,CONGESTED,0.8883124159214253,2025-10-02T21:06:07.013065,ARTERIAL,364.6169380604358
segment_113,19.233490579493523,73.0480291023714,34.340360058697684,75.7557033220383,0.5466960432970116,SLOW,0.9365791633673592,2025-10-02T21:06:07.013065,ARTERIAL,1529.5659280737632
segment_114,19.196931793722253,73.1114287756203,12.87203920516583,48.181783726778534,0.7328442782824623,CONGESTED,0.9142192246670843,2025-10-02T21:06:07.013065,HIGHWAY,1765.8547098473239
segment_115,19.04367433446068,73.1285029218688,11.084745532536397,73.85809166938073,0.8499183328191542,CONGESTED,0.7382465986995946,2025-10-02T21:06:07.013065,LOCAL,1614.8611949811518
segment_116,18.962965319486482,72.89170055809305,44.72389126161865,68.80146146184298,0.34995724928863114,SLOW,0.8923442898655891,2025-10-02T21:06:07.013065,LOCAL,1174.4658599136503
segment_117,19.200795211387838,73.03961174591093,50.47393552949931,78.36299178256111,0.3558957566404226,SLOW,0.8027572771535629,2025-10-02T21:06:07.013065,ARTERIAL,861.6176918509158
segment_118,19.094042437530536,73.17891333584473,13.43432717138441,63.44919328067189,0.7882663832784014,CONGESTED,0.8517666036653397,2025-10-02T21:06:07.013065,HIGHWAY,586.4295105219583
segment_119,19.20496014614621,73.03718516210353,10.621696532385977,76.75002089042985,0.8616065975076441,CONGESTED,0.9370253911372259,2025-10-02T21:06:07.013065,HIGHWAY,1443.7534051954574
segment_120,18.964066398023988,73.03051534406673,38.369327551057076,56.96522685209544,0.3264429956422499,SLOW,0.9209332706874168,2025-10-02T21:06:07.013065,HIGHWAY,1858.580174522875
segment_121,19.089352535989736,72.8452952183363,59.166265942928405,73.55592345783737,0.19562880647072822,FLOWING,0.73739880436098,2025-10-02T21:06:07.013065,HIGHWAY,731.078184044384
segment_122,19.030806590899168,72.89095824835084,38.43419165868423,55.17222793542196,0.30337792949614584,SLOW,0.9232748955529866,2025-10-02T21:06:07.013065,ARTERIAL,1625.4215523362218
segment_123,18.90194544966193,72.93339966867646,26.89927814750188,61.49582411751692,0.5625836626549136,SLOW,0.9759566849238281,2025-10-02T21:06:07.013065,ARTERIAL,984.830232405745
segment_124,19.10195153079741,73.16738188997573,37.2887523275112,41.31386680973753,0.09742768694983617,FLOWING,0.9738248388637387,2025-10-02T21:06:07.013065,ARTERIAL,435.13527436182426
segment_125,19.109314464550582,72.96757017980183,55.3165245587455,54.49575596466532,-0.015061147048081258,FLOWING,0.874176505083413,2025-10-02T21:06:07.013065,ARTERIAL,518.1847067540843
segment_126,18.989325929423313,73.00606947296272,58.6547723625516,58.35955952068052,-0.005058517307116928,FLOWING,0.8671916106670143,2025-10-02T21:06:07.013065,ARTERIAL,262.16436934942334
segment_127,19.3186871857753,73.0008780041325,37.74617595260241,42.6830590955371,0.11566376092876829,FLOWING,0.9249881411197534,2025-10-02T21:06:07.013065,LOCAL,1619.5858419411118
segment_128,19.046742539600718,72.98729273137656,39.373679287807875,55.10903789760677,0.28553136128116363,FLOWING,0.9509694439876999,2025-10-02T21:06:07.013565,LOCAL,224.8464149138695
segment_129,19.225721599011905,72.9813155338992,33.8414648130169,57.63050987752912,0.4127856080931166,SLOW,0.8202289182625978,2025-10-02T21:06:07.013565,ARTERIAL,1554.1769340258572
segment_130,18.943252221319153,72.9337451245242,9.152685009213908,70.12984882989804,0.8694894518963814,CONGESTED,0.7816905564160898,2025-10-02T21:06:07.013565,LOCAL,1323.5991321541298
segment_131,19.0716683518612,72.81015454226413,13.58839285514047,68.6388891538959,0.8020306997586484,CONGESTED,0.8976771825730454,2025-10-02T21:06:07.013565,HIGHWAY,1148.2729309927456
segment_132,19.006633196898186,72.87844523987738,32.80293335083186,63.80195918801682,0.48586322789609804,SLOW,0.8017813737688573,2025-10-02T21:06:07.013565,HIGHWAY,439.2348579032339
segment_133,19.174153365297787,72.89527311241869,10.469276601763983,49.72688763997816,0.7894644708600833,CONGESTED,0.9166800795566977,2025-10-02T21:06:07.013565,ARTERIAL,1677.417742677284
segment_134,19.06681708243975,73.06723405462826,16.274136247870153,51.725909210440534,0.6853774733729509,CONGESTED,0.9689007455563359,2025-10-02T21:06:07.013565,LOCAL,1303.157472330825
segment_135,19.20907993754232,73.13925123818676,11.752728931448967,75.05776303501176,0.8434175432864055,CONGESTED,0.8928776690842759,2025-10-02T21:06:07.013565,ARTERIAL,1796.0762510462523
segment_136,19.243326295930146,72.93672694067915,19.268288838721087,55.18769632669068,0.6508589754379315,CONGESTED,0.8770884827544423,2025-10-02T21:06:07.013565,HIGHWAY,755.8650752744236
segment_137,19.225010499744563,72.94510315786638,52.35874109860969,48.780421003238345,-0.07335566241082248,FLOWING,0.9923641795596609,2025-10-02T21:06:07.013565,HIGHWAY,1750.0891542060344
segment_138,19.104721103264794,73.15782089075763,48.99203907710233,57.00854017876934,0.14061930153848146,FLOWING,0.7067407924960352,2025-10-02T21:06:07.013565,ARTERIAL,1509.2051940344645
segment_139,19.19351525832758,72.9610200174388,16.991270912174755,65.80216671077318,0.741782501070851,CONGESTED,0.8265111803659845,2025-10-02T21:06:07.013565,ARTERIAL,1098.811346375103
segment_140,18.972105300056285,72.90892293060774,6.011487210110671,76.57195226241996,0.9214923084433229,CONGESTED,0.7353253248670423,2025-10-02T21:06:07.013565,HIGHWAY,620.7049193056914
segment_141,19.13275476105663,73.06056815534075,50.63579920389609,48.25685087042413,-0.04929762905291413,FLOWING,0.7032987485975442,2025-10-02T21:06:07.013565,HIGHWAY,600.9992250057712
segment_142,19.01192932521577,73.09287383138363,18.790186330887877,65.3239225342979,0.7123536737858598,CONGESTED,0.8482821550414814,2025-10-02T21:06:07.013565,ARTERIAL,1837.3826972574236
segment_143,19.07588362045467,72.95325541129979,33.540473790556064,41.8786386710022,0.19910305456561284,FLOWING,0.7498850106268238,2025-10-02T21:06:07.013565,LOCAL,450.3047492900301
segment_144,18.937941523442593,73.1083943702142,8.753733794475037,73.48315962812117,0.8808742868600729,CONGESTED,0.831158018907173,2025-10-02T21:06:07.013565,HIGHWAY,1470.9124361316208
segment_145,19.15636996014334,73.17972271882311,26.815715517862984,78.16347746158533,0.6569278083739047,CONGESTED,0.740500383226362,2025-10-02T21:06:07.013565,HIGHWAY,612.8313225451703
segment_146,19.12673396714144,72.86480555115664,51.284131317052385,73.85631397258229,0.30562292431638793,SLOW,0.9865708938170437,2025-10-02T21:06:07.014065,LOCAL,735.0633925522255
segment_147,19.223783125573245,72.84263930125351,9.132577995469482,69.12755024814413,0.8678880133508757,CONGESTED,0.8486473948618596,2025-10-02T21:06:07.014065,LOCAL,1236.7435107094939
segment_148,19.093066235359675,72.83037336414785,9.27709392434264,40.09357562503113,0.7686139542378259,CONGESTED,0.990309816462126,2025-10-02T21:06:07.014065,ARTERIAL,1221.4382670512655
segment_149,19.05160903671481,72.83663282933065,55.452246650423355,45.472745236758456,-0.21946115990370973,FLOWING,0.9850712061462408,2025-10-02T21:06:07.014065,LOCAL,1090.471268085782
segment_150,18.936416188982115,73.18326831720158,46.71158276701248,65.55797541337047,0.2874767337997185,FLOWING,0.9277107536616549,2025-10-02T21:06:07.014065,HIGHWAY,1415.3254725839197
segment_151,19.256662173657435,72.89986720354368,31.918373000372725,48.84837767278409,0.3465827419247933,SLOW,0.9963004023989941,2025-10-02T21:06:07.014065,HIGHWAY,1372.8431826450744
segment_152,18.91854948383824,73.03530550278798,59.964442476120915,62.23226325748719,0.03644123903999963,FLOWING,0.8419630354244,2025-10-02T21:06:07.014065,LOCAL,164.4973593130178
segment_153,19.192916512243674,72.91893960294902,55.84179074570917,78.84232980661471,0.2917283027698637,FLOWING,0.9832799467340302,2025-10-02T21:06:07.014065,ARTERIAL,1515.6226414284188
segment_154,18.923050698151517,72.98205747401447,33.7339016839143,65.78186602503288,0.48718539435963903,SLOW,0.8950502051329684,2025-10-02T21:06:07.014065,LOCAL,1165.2866686066766
segment_155,19.102045991214517,73.15399934260931,34.16458229491951,57.64128646992646,0.40728973298081395,SLOW,0.8213456349045551,2025-10-02T21:06:07.014065,LOCAL,699.0516418781597
segment_156,19.12658634279764,73.11628926593559,22.531387661263846,65.03565505748037,0.653553306392471,CONGESTED,0.9657933244708561,2025-10-02T21:06:07.014065,ARTERIAL,1765.664217938654
segment_157,19.075352555291715,72.98477714023024,59.46877223379774,40.009500943035384,-0.4863662588160753,FLOWING,0.7556418728730168,2025-10-02T21:06:07.014065,ARTERIAL,1884.2286271745027
segment_158,19.235488959024938,73.19917364421333,24.28914984984406,70.68753155724508,0.6563870697596237,CONGESTED,0.8205792740827726,2025-10-02T21:06:07.014065,HIGHWAY,1011.5845210273591
segment_159,19.14391802703548,72.9086747884276,26.905806118659957,43.66797340445721,0.3838549394208052,SLOW,0.8009111391485266,2025-10-02T21:06:07.014065,HIGHWAY,1491.3164336508257
segment_160,18.901405472058048,72.98692430661507,21.335158205018523,74.11287286767606,0.712126147867576,CONGESTED,0.9146659945702725,2025-10-02T21:06:07.014065,HIGHWAY,179.97706030908756
segment_161,18.90750705258803,73.19508895589442,28.527522355472428,55.373065886387266,0.48481230181467083,SLOW,0.9038941848079209,2025-10-02T21:06:07.014065,LOCAL,1904.9262495054281
segment_162,19.230264906054533,72.8357644009249,27.96694266817106,75.16473230248658,0.6279246687712096,CONGESTED,0.983419606687423,2025-10-02T21:06:07.014065,LOCAL,1817.075537633014
segment_163,19.31545766212161,73.09734112915746,8.57425252155917,56.0632094570195,0.8470609762694273,CONGESTED,0.9513477205849736,2025-10-02T21:06:07.014565,ARTERIAL,1254.6999102698323
segment_164,19.115329174626932,72.8922679246871,14.709041760302954,48.819448362807016,0.6987052854224998,CONGESTED,0.7559314786432764,2025-10-02T21:06:07.014565,LOCAL,1669.790822008535
segment_165,19.236323268594546,73.05191116919846,16.897821267010443,60.73041466705568,0.7217568600568609,CONGESTED,0.8791822217291023,2025-10-02T21:06:07.014565,HIGHWAY,430.4009735170259
segment_166,19.066421647939116,73.10329539028164,43.28113399295857,46.1558362535942,0.06228253009741047,FLOWING,0.9447499374971853,2025-10-02T21:06:07.014565,ARTERIAL,1283.5810275767255
segment_167,19.214106073718735,72.81394606409353,54.220679267531196,74.40507265671695,0.2712771141600868,FLOWING,0.8372296293321122,2025-10-02T21:06:07.014565,LOCAL,618.6228122269983
segment_168,19.100204267898754,72.81775066541329,51.870644334085426,41.4168947367418,-0.252403026923935,FLOWING,0.7987154096109612,2025-10-02T21:06:07.014565,HIGHWAY,1146.6290041573648
segment_169,18.93653443916279,72.96338128522828,25.49786843567727,50.39015135041305,0.49399103292297886,SLOW,0.9170260341065755,2025-10-02T21:06:07.014565,ARTERIAL,1111.944786861448
segment_170,19.304091228488662,72.84378754402178,54.19639620324371,79.65901340580193,0.31964514891548557,SLOW,0.7184551078717705,2025-10-02T21:06:07.014565,HIGHWAY,1013.1144969206312
segment_171,19.148811269556997,73.12987238637007,24.129506434620616,67.12064610236254,0.6405054504716501,CONGESTED,0.8697195891987373,2025-10-02T21:06:07.014565,HIGHWAY,1494.4288460120333
segment_172,19.118929331115773,73.14726432162063,18.490704274043402,46.29362638810104,0.6005777529928804,CONGESTED,0.7481200315990216,2025-10-02T21:06:07.014565,HIGHWAY,1690.325323890977
segment_173,19.1929380139011,73.07205630870412,39.02362580183514,70.10866558230565,0.44338370331663957,SLOW,0.7475815315879221,2025-10-02T21:06:07.014565,LOCAL,1926.499047551324
segment_174,19.095497403683392,73.15162859209126,5.282984391509312,72.79787669632401,0.9274294164712076,CONGESTED,0.768587548457477,2025-10-02T21:06:07.014565,LOCAL,405.44380249178556
segment_175,19.243546150130005,73.1328536711831,32.91072535684599,40.25543486867334,0.18245261877776864,FLOWING,0.7861114399524738,2025-10-02T21:06:07.014565,ARTERIAL,720.2237953562567
segment_176,19.135134611169708,72.8463375427121,25.71824490927393,40.362896186109,0.36282459041863957,SLOW,0.9456038261499525,2025-10-02T21:06:07.014565,ARTERIAL,638.3516017046051
segment_177,18.90773964187005,72.972896313557,51.206682650767036,55.686048457807864,0.0804396420844038,FLOWING,0.75384919702715,2025-10-02T21:06:07.014565,HIGHWAY,294.7684831822906
segment_178,19.29363596463931,73.07515428892033,8.731038250784454,52.03854267787265,0.8322197778513696,CONGESTED,0.9124516265935845,2025-10-02T21:06:07.014565,ARTERIAL,1446.2868087449958
segment_179,19.098901033142738,72.82316818422352,9.10819297668197,74.0965863679459,0.8770767531522591,CONGESTED,0.997044511825194,2025-10-02T21:06:07.014565,LOCAL,1940.8679250428138
segment_180,19.214853769332027,72.85203449605226,46.704475776096245,40.98347665835206,-0.13959282091745862,FLOWING,0.7066370654586991,2025-10-02T21:06:07.014565,ARTERIAL,806.4837055535767
segment_181,19.24388997020998,72.90100349987536,5.056621391509837,46.35753133107026,0.8909212538649415,CONGESTED,0.8405618250305753,2025-10-02T21:06:07.015065,HIGHWAY,294.16787741806604
segment_182,19.25876810527386,73.01080963848474,50.42564211899431,51.934977239599704,0.029062015636247218,FLOWING,0.9519841494017416,2025-10-02T21:06:07.015065,LOCAL,1392.948673941955
segment_183,19.174894709998078,72.90930381079929,57.29749592377257,46.04231567123601,-0.2444529578595458,FLOWING,0.8297004403127806,2025-10-02T21:06:07.015065,HIGHWAY,1828.096570800855
segment_184,19.26009123867885,73.18580818890808,46.805174314095346,57.69195049523641,0.18870528882603788,FLOWING,0.793585597148539,2025-10-02T21:06:07.015065,ARTERIAL,1798.7884869903553
segment_185,18.996580934474256,72.88524188161003,6.712374558648125,66.0666730150354,0.8983999912161382,CONGESTED,0.8105579031171283,2025-10-02T21:06:07.015065,LOCAL,995.9116741947742
segment_186,19.12815777843178,72.8636982953117,16.20356871019508,43.646579616247664,0.6287551314980198,CONGESTED,0.7460974114483337,2025-10-02T21:06:07.015065,LOCAL,1705.0881334220865
segment_187,19.219630076196058,73.05048812865256,12.218468272531316,41.30104717965008,0.704160811725093,CONGESTED,0.976254354344706,2025-10-02T21:06:07.015065,LOCAL,452.3718618856432
segment_188,19.094080862121576,72.80049273406657,37.907999581733485,64.29225793050685,0.41038002394148243,SLOW,0.7742619866810125,2025-10-02T21:06:07.015065,HIGHWAY,480.9969807306398
segment_189,19.1064697096314,72.82568357483005,37.008427105291936,50.75973617740391,0.2709097821953116,FLOWING,0.9392677301911565,2025-10-02T21:06:07.015065,LOCAL,1970.2676740655174
segment_190,18.962823869920378,72.98583943865432,42.42511444976289,55.821803355198746,0.23999025649873085,FLOWING,0.9924099555612069,2025-10-02T21:06:07.015065,ARTERIAL,654.1588995476761
segment_191,19.19189239217315,73.14404895887569,47.891804389134236,41.58475301393429,-0.1516674001427054,FLOWING,0.8441520841773487,2025-10-02T21:06:07.015065,HIGHWAY,559.8855301388022
segment_192,19.314398289172203,72.85699821716061,32.43884843982458,64.72622937272476,0.4988299371955365,SLOW,0.9107394911632312,2025-10-02T21:06:07.015065,ARTERIAL,1574.0289980066166
segment_193,19.2953197517776,72.82896650885853,34.38332132870448,75.301339432784,0.5433903090210506,SLOW,0.7247525603321263,2025-10-02T21:06:07.015065,HIGHWAY,249.2991445945394
segment_194,19.06670777600467,72.85308630161722,36.2147466543857,67.57859876549063,0.4641092399672697,SLOW,0.9401760097327249,2025-10-02T21:06:07.015065,ARTERIAL,178.24864103061617
segment_195,19.181561892508853,73.18061998974213,11.832098170043263,75.84885210740154,0.8440042552880157,CONGESTED,0.8784329912130808,2025-10-02T21:06:07.015065,HIGHWAY,198.7454389377976
segment_196,19.12734446082645,73.08362420778037,52.903301806034705,68.56347728529711,0.2284040439503876,FLOWING,0.9405184249209375,2025-10-02T21:06:07.015065,ARTERIAL,1263.2901731742002
segment_197,19.103447347981096,73.0643280473197,35.41507989255771,63.8990345052772,0.44576502341936164,SLOW,0.9351497660256586,2025-10-02T21:06:07.015065,LOCAL,1322.7976208733974
segment_198,19.12108911759317,73.09263580870213,9.489649011682427,42.41408335962255,0.7762618389929321,CONGESTED,0.7741309702030439,2025-10-02T21:06:07.015565,HIGHWAY,1010.6299642949458
segment_199,19.158611649215743,72.93160697512586,30.86004259831658,69.77116262379823,0.5576963112294401,SLOW,0.9615498336919364,2025-10-02T21:06:07.015565,HIGHWAY,1351.5447734516647
segment_200,19.10924220091032,73.02214542037505,44.55609780497451,49.13818965325195,0.09324909771017975,FLOWING,0.9989001748170225,2025-10-02T21:06:07.015565,HIGHWAY,1037.2260088892192
segment_201,18.93424112561202,72.96130454444953,17.130861870727777,56.73599154670611,0.6980600602242875,CONGESTED,0.7610734841026727,2025-10-02T21:06:07.015565,LOCAL,978.983617804701
segment_202,19.26467445227152,73.09086762790652,45.84885866599896,57.01973337792302,0.19591243329540386,FLOWING,0.8037804977640889,2025-10-02T21:06:07.015565,ARTERIAL,1976.53417109851
segment_203,18.91684586039324,73.14681259844897,36.82714747148164,57.54461676758362,0.3600244551072008,SLOW,0.9175772981245409,2025-10-02T21:06:07.015565,ARTERIAL,1235.6747739861423
segment_204,19.233041559734364,73.06200373553284,59.56733239873698,51.3541811443458,-0.15993150063683692,FLOWING,0.8077453088998694,2025-10-02T21:06:07.015565,LOCAL,1283.6365087706172
segment_205,19.165255292438857,73.09324520896611,12.236222681999289,68.63299858728354,0.8217151671373071,CONGESTED,0.9727097561996922,2025-10-02T21:06:07.015565,LOCAL,1301.8270131299817
segment_206,19.05659642761935,73.00504608208232,27.716714605623334,42.765311447464775,0.3518879281477455,SLOW,0.8311496166450479,2025-10-02T21:06:07.015565,ARTERIAL,1754.4248124177716
segment_207,19.08702820710112,73.00592694157187,24.757835316987112,63.7180340573971,0.6114469681427193,CONGESTED,0.7490571617755067,2025-10-02T21:06:07.015565,LOCAL,693.0813077232494
segment_208,19.067599297377587,73.14319450156908,5.496672227125264,63.53650533362422,0.9134879672990708,CONGESTED,0.8796141940300323,2025-10-02T21:06:07.015565,HIGHWAY,550.3529285058387
segment_209,18.99856309606985,73.15348386786431,29.311340558057164,53.23557451956688,0.4494031327250221,SLOW,0.834633272149421,2025-10-02T21:06:07.015565,ARTERIAL,376.9374796650282
segment_210,19.08876221078977,73.03515374844416,57.17208451682885,50.10111128301677,-0.14113405975904958,FLOWING,0.8077752243748737,2025-10-02T21:06:07.015565,HIGHWAY,1250.5224995252775
segment_211,19.0498274622768,73.01340477011988,47.998468141476614,68.21542376448815,0.2963692740927626,FLOWING,0.8339105939537756,2025-10-02T21:06:07.015565,LOCAL,1749.7154329751913
segment_212,18.98645330821544,72.84476784775909,19.83622863343443,42.28347424357259,0.530875147127966,SLOW,0.8593508584003096,2025-10-02T21:06:07.015565,ARTERIAL,174.75272727016832
segment_213,18.95128616388421,72.98087961131337,56.36312596403477,52.64624419907002,-0.07060108126441444,FLOWING,0.8521704426065178,2025-10-02T21:06:07.015565,ARTERIAL,1407.5949451465312
segment_214,19.066899175155047,72.99195883263683,42.72822547906413,40.69519160741918,-0.04995759428429136,FLOWING,0.7969391971210835,2025-10-02T21:06:07.015565,HIGHWAY,1749.044759588042
segment_215,19.09099073936622,73.0062384114317,31.88656191413061,66.67457030184417,0.5217582690105669,SLOW,0.7418953764268938,2025-10-02T21:06:07.015565,ARTERIAL,685.0668890232628
segment_216,19.19596592034939,72.88074138084917,42.03878383287045,78.79648184429081,0.46648907604856005,SLOW,0.7281702147368255,2025-10-02T21:06:07.016065,HIGHWAY,943.1254166786852
segment_217,19.26461974683855,72.87085991577895,43.09442737243905,73.52461158592442,0.4138775242344964,SLOW,0.983384265842207,2025-10-02T21:06:07.016065,ARTERIAL,133.28038263791825
segment_218,19.002541861977395,73.13235087653669,52.55348597752702,70.74077458095165,0.2570976740240829,FLOWING,0.7339329457229719,2025-10-02T21:06:07.016065,HIGHWAY,1410.100826959966
segment_219,19.184135622026442,72.88627006095909,41.238700862796144,55.754576226166336,0.2603530749563424,FLOWING,0.8953698931124476,2025-10-02T21:06:07.016065,ARTERIAL,762.289967759744
segment_220,18.966900727001978,73.04198156907621,22.496135448996572,74.65754670110582,0.6986756671892707,CONGESTED,0.9980010812075886,2025-10-02T21:06:07.016065,HIGHWAY,1586.5324197107195
segment_221,19.1381468296144,73.09537968370053,53.318355871574134,56.165612866041315,0.05069395399028365,FLOWING,0.7981099484689715,2025-10-02T21:06:07.016065,ARTERIAL,932.5274581827765
segment_222,19.27857777282715,73.15115646361653,22.44576442209692,74.75602502162283,0.6997464162172268,CONGESTED,0.8127016755645179,2025-10-02T21:06:07.016065,ARTERIAL,1134.5292861256141
segment_223,18.90241863740921,72.92983433196011,25.155384417926882,55.846907664370214,0.5495653122084005,SLOW,0.9086401620069586,2025-10-02T21:06:07.016065,HIGHWAY,952.5178829828083
segment_224,18.999768534967217,72.94930071665173,17.49982949947333,42.92783695073774,0.5923430868516523,SLOW,0.8810345780144133,2025-10-02T21:06:07.016065,ARTERIAL,1320.8943409996602
segment_225,19.218924617727602,73.00017812365229,34.83000157388561,78.05914238663965,0.5537998431834296,SLOW,0.9541502084117722,2025-10-02T21:06:07.016065,HIGHWAY,1646.1559478072143
segment_226,18.945745703575625,72.85959674238808,33.96430884979277,49.842786351919926,0.3185712249314393,SLOW,0.8430086425123478,2025-10-02T21:06:07.016065,LOCAL,1553.2781969300438
segment_227,19.24145401026076,73.0872492304906,57.55380327752141,40.729303307054465,-0.41308096638993774,FLOWING,0.7587333957050638,2025-10-02T21:06:07.016065,LOCAL,1803.7571506962324
segment_228,18.92993771342317,73.18186401201332,41.00811947872415,55.202980357488215,0.25713939332332725,FLOWING,0.7591462379718632,2025-10-02T21:06:07.016065,HIGHWAY,768.0831057553054
segment_229,18.94259674794867,72.99434870367453,19.122711224627935,51.39491607847691,0.6279260151835112,CONGESTED,0.7921869894778859,2025-10-02T21:06:07.016065,LOCAL,1111.2944053441763
segment_230,19.143991462370373,72.83585053566198,44.46996822497462,55.99620827216625,0.20583965241305302,FLOWING,0.9930175715987737,2025-10-02T21:06:07.016065,ARTERIAL,331.58357734020035
segment_231,18.976082726804563,73.072447141586,14.979109123259482,61.006535346682405,0.7544671396574554,CONGESTED,0.9127138785167298,2025-10-02T21:06:07.016065,HIGHWAY,1177.8932172949167
segment_232,19.00775636915457,73.18517075009504,31.59501056959586,72.23970199100633,0.5626364769122474,SLOW,0.8650679626468785,2025-10-02T21:06:07.016065,HIGHWAY,1302.9876136286425
segment_233,19.299589403726795,73.04064472805854,50.05538726847346,75.36825853393631,0.335855859719316,SLOW,0.7684239315846797,2025-10-02T21:06:07.016565,HIGHWAY,1328.5512355034343
segment_234,18.973404845987496,72.94430900764424,54.82401076332682,70.79778801006717,0.2256253718614618,FLOWING,0.8669911173810152,2025-10-02T21:06:07.016565,LOCAL,1582.9984789633374
segment_235,19.015418534930216,73.12904572740547,28.305603950681956,66.70199597165882,0.5756408254603236,SLOW,0.7286605941504004,2025-10-02T21:06:07.016565,ARTERIAL,958.3585896007353
segment_236,19.146375554533698,72.86720568309795,45.528055971930016,74.51188310172914,0.3889826148968515,SLOW,0.7650219400272327,2025-10-02T21:06:07.016565,HIGHWAY,439.047333932767
segment_237,19.031154150140495,72.89209846737114,16.340239048513453,65.5184317326388,0.7506008825853296,CONGESTED,0.7770651542937144,2025-10-02T21:06:07.016565,HIGHWAY,1229.5050368537288
segment_238,19.108642080720852,73.19511420808595,12.504186390620323,67.80578216190375,0.8155881992370008,CONGESTED,0.8212956304312876,2025-10-02T21:06:07.016565,ARTERIAL,947.002737696735
segment_239,19.20429707758742,72.80632843670622,23.75995134608213,72.74828228476932,0.6733950191005877,CONGESTED,0.8809658230640116,2025-10-02T21:06:07.016565,ARTERIAL,1198.9351423121773
segment_240,19.015147479955118,72.83176774759559,9.71120372780368,75.76763498656473,0.8718291295547803,CONGESTED,0.7575601974156229,2025-10-02T21:06:07.016565,HIGHWAY,530.6471642312772
segment_241,19.049098448449413,72.82776953709843,33.54828849995487,42.7045025436886,0.2144086337117852,FLOWING,0.9401069523467085,2025-10-02T21:06:07.016565,LOCAL,1316.3196252735156
segment_242,19.013881923330075,73.03712479666137,42.40725621068982,49.23316756616048,0.1386445701731026,FLOWING,0.8370575934641106,2025-10-02T21:06:07.016565,ARTERIAL,1372.0252148765612
segment_243,19.31753853171289,73.06473567593976,35.67808795535137,69.22602040956984,0.4846144882478437,SLOW,0.8395616836851154,2025-10-02T21:06:07.016565,ARTERIAL,1168.3639501680286
segment_244,19.30220261949226,72.87012117694306,42.95026899513662,48.037347546362255,0.10589840636633707,FLOWING,0.8607483053419244,2025-10-02T21:06:07.016565,ARTERIAL,903.1093154527601
segment_245,19.245158706438456,72.80049467190376,21.54692095942903,79.24945497377215,0.7281126921748541,CONGESTED,0.8424659630518656,2025-10-02T21:06:07.016565,ARTERIAL,545.8199555253617
segment_246,19.067712684639908,72.86096640533216,59.58659261871064,77.08003871697181,0.22695170357263184,FLOWING,0.8619871390841678,2025-10-02T21:06:07.016565,HIGHWAY,1375.961042864771
segment_247,18.939030240639344,72.90281890657283,48.33460935607457,74.58744768134162,0.3519739465737787,SLOW,0.8825459237979374,2025-10-02T21:06:07.016565,ARTERIAL,402.6776391760626
segment_248,18.92650579389324,72.84705961138943,17.50465150528543,53.666980075876836,0.6738282742845498,CONGESTED,0.8142728576532962,2025-10-02T21:06:07.016565,ARTERIAL,1880.2198637590193
segment_249,19.132596941099198,72.92220972426321,26.83398343908559,57.888101620193424,0.5364507957931558,SLOW,0.8801783000081852,2025-10-02T21:06:07.016565,LOCAL,407.3520015690083
segment_250,19.23023590183798,73.0298349529271,36.16164491942802,55.641710522326974,0.35009825219306157,SLOW,0.850345899754603,2025-10-02T21:06:07.016565,HIGHWAY,321.0961559824046
segment_251,19.2433288775663,72.95224931739064,53.28858762447882,74.72226760429801,0.2868446136207238,FLOWING,0.9417776200352863,2025-10-02T21:06:07.017065,LOCAL,678.8903642862775
segment_252,18.933986098881526,72.96119207150606,14.543848324257977,67.79804355609846,0.7854827726374746,CONGESTED,0.8038299179613356,2025-10-02T21:06:07.017065,ARTERIAL,1317.8469469561308
segment_253,19.24544183672643,72.85300986909674,52.41079652499424,76.91028762053577,0.31854634605474985,SLOW,0.8461185756456807,2025-10-02T21:06:07.017065,ARTERIAL,1806.6970918561415
segment_254,19.24831961015934,72.9270125791507,57.40386401807119,73.00803069662273,0.2137321953442769,FLOWING,0.8998920657505118,2025-10-02T21:06:07.017065,ARTERIAL,229.52738783243777
segment_255,18.910841000918783,72.85406651566193,57.97133113740456,61.98118143580068,0.0646946412686481,FLOWING,0.989746648345966,2025-10-02T21:06:07.017065,HIGHWAY,1879.253430378955
segment_256,19.267964180891177,72.9111010494997,51.82967506531959,40.013300244819575,-0.2953111777384534,FLOWING,0.7053063428839771,2025-10-02T21:06:07.017065,ARTERIAL,1335.3820755564914
segment_257,18.96385043831403,72.82453985084426,47.94188723376419,58.392016950772806,0.17896504115996814,FLOWING,0.7174491386516427,2025-10-02T21:06:07.017065,LOCAL,1533.0817342533398
segment_258,19.160189055591186,72.91894201929473,28.668544762990667,46.82659034199994,0.3877721065401353,SLOW,0.7223889443011244,2025-10-02T21:06:07.017065,ARTERIAL,604.2360774575698
segment_259,18.97466188289752,73.07664722222773,38.99284208579523,65.32758504053857,0.4031182683150081,SLOW,0.7686683814539841,2025-10-02T21:06:07.017065,HIGHWAY,1268.9169326389206
segment_260,19.028626520730377,73.04955833451666,33.98728051514084,57.04333535561486,0.4041849007730678,SLOW,0.7392131130220598,2025-10-02T21:06:07.017065,LOCAL,954.5908327605127
segment_261,18.98174145496472,72.94710374035091,27.777136389090987,73.10151582267497,0.620019693483908,CONGESTED,0.9200843141684206,2025-10-02T21:06:07.017065,ARTERIAL,1931.2623234164669
segment_262,19.004403708240275,72.8535214945118,28.02193418931644,71.61350943440593,0.6087060331126071,CONGESTED,0.8746444689339916,2025-10-02T21:06:07.017065,LOCAL,360.5084408850982
segment_263,19.12483025521009,72.88608074880689,5.66664260541413,49.64805830398166,0.8858637618672052,CONGESTED,0.9927621264730162,2025-10-02T21:06:07.017065,ARTERIAL,222.77169170376368
segment_264,18.917905947900554,72.94856342706005,19.62181251598724,65.84360493850032,0.701993647912891,CONGESTED,0.8498001504935855,2025-10-02T21:06:07.017065,LOCAL,383.5517781053346
segment_265,18.953423900328726,73.14586415685616,18.3912882622677,66.06842591643874,0.7216327162761768,CONGESTED,0.9432057783958798,2025-10-02T21:06:07.017065,HIGHWAY,849.5049292830671
segment_266,19.092967642730514,73.11400661753483,54.06465789171289,78.21338746015712,0.30875442622589255,SLOW,0.9360710158765886,2025-10-02T21:06:07.017065,HIGHWAY,1891.3791686851973
segment_267,19.239731053887258,72.83056674377522,20.3652242664094,77.21275539351295,0.7362453371516335,CONGESTED,0.7759175298402353,2025-10-02T21:06:07.017065,HIGHWAY,1667.7511722645372
segment_268,19.108089883453612,72.95453956393932,29.75684378308678,49.07858777461456,0.3936898934472147,SLOW,0.9668172748386532,2025-10-02T21:06:07.017065,LOCAL,1084.9752416958877
segment_269,18.963070980343158,73.09497350748859,33.1722056446971,67.20911116833413,0.5064329066692623,SLOW,0.7125018701807152,2025-10-02T21:06:07.017565,HIGHWAY,1517.7937892154932
segment_270,19.176794924365545,73.12085222325103,10.795214367404327,41.42283468142193,0.739389772563152,CONGESTED,0.8525737868342735,2025-10-02T21:06:07.017565,ARTERIAL,977.6991796748159
segment_271,19.316467131725517,73.18829998306828,56.82734643202561,71.35370707070695,0.2035824238856525,FLOWING,0.8064524080770671,2025-10-02T21:06:07.017565,ARTERIAL,286.9517344554549
segment_272,19.17732714227456,73.1057490648887,19.57755355787522,40.837798441236515,0.5206021307430098,SLOW,0.7246515002429281,2025-10-02T21:06:07.017565,HIGHWAY,661.3450772070985
segment_273,19.223073722092018,73.0498654275417,26.006680180909274,48.22749048782221,0.4607498769301266,SLOW,0.7364159254478219,2025-10-02T21:06:07.017565,ARTERIAL,595.3552698478414
segment_274,18.92908680864006,73.18393060723038,31.304041201675805,75.83258389487528,0.5871953770549112,SLOW,0.7966646510333885,2025-10-02T21:06:07.017565,LOCAL,1961.9436257818163
segment_275,19.152790267647255,73.0329690632829,46.144024868624264,72.4707915236055,0.3632741702069856,SLOW,0.8969435821994508,2025-10-02T21:06:07.017565,LOCAL,183.09768917194202
segment_276,18.946539344115518,73.03941263027374,10.225643444576757,55.03971559765246,0.8142133669561894,CONGESTED,0.8650275821374468,2025-10-02T21:06:07.017565,ARTERIAL,1264.5852067395986
segment_277,19.29609185185278,72.896277084733,11.682575696550494,47.898819594397494,0.756098881027186,CONGESTED,0.9660774700627808,2025-10-02T21:06:07.017565,HIGHWAY,643.2228995544042
segment_278,19.24269771436682,73.14454799854538,51.55828862796529,76.75706134558217,0.32829256717065836,SLOW,0.7756723060520084,2025-10-02T21:06:07.017565,HIGHWAY,520.020405762084
segment_279,19.310926857096252,73.0992767623916,35.67972740310884,47.223783927012036,0.24445428900287647,FLOWING,0.7161574620994078,2025-10-02T21:06:07.017565,ARTERIAL,1531.0559382354654
segment_280,19.01311914528685,73.0158224881982,45.03709472019087,44.317748585858574,-0.01623155862574288,FLOWING,0.905589404834762,2025-10-02T21:06:07.017565,LOCAL,1933.7465100412935
segment_281,19.105125534627273,72.86027044308395,23.831099981845057,56.536657971810456,0.5784841050610491,SLOW,0.9274555033229612,2025-10-02T21:06:07.017565,HIGHWAY,1065.885039140932
segment_282,19.024970349553904,73.0260087971436,42.88869161275499,74.9329166344323,0.4276388329845514,SLOW,0.8908874061937744,2025-10-02T21:06:07.017565,HIGHWAY,404.1361064136887
segment_283,19.09385413925631,72.80373264793083,18.567337548689267,69.05846860452019,0.7311359790640659,CONGESTED,0.997542985404809,2025-10-02T21:06:07.017565,LOCAL,862.8392001364476
segment_284,19.236029806853647,72.88161425385155,35.529672211625744,69.32285184118699,0.48747532353369805,SLOW,0.8847956350780537,2025-10-02T21:06:07.017565,LOCAL,1406.9798087718386
segment_285,19.05760915986592,73.01547826693722,33.82875438993892,73.92191164523088,0.5423717591031562,SLOW,0.9519891940846548,2025-10-02T21:06:07.017565,HIGHWAY,120.96006709868502
segment_286,19.214809103476934,73.1034705560444,42.3108352570328,70.2505863156581,0.39771555689347793,SLOW,0.9525911114490127,2025-10-02T21:06:07.018065,ARTERIAL,1765.636447473581
segment_287,19.318460421803444,72.94732381220274,29.67358470249984,68.88283752810949,0.569216574587382,SLOW,0.9658587341395224,2025-10-02T21:06:07.018065,LOCAL,361.86350840254727
segment_288,19.178477641890208,72.80075195340996,14.810492136903141,41.16285521375815,0.6401976476123326,CONGESTED,0.7500655353564613,2025-10-02T21:06:07.018065,HIGHWAY,836.579830025749
segment_289,19.068977392368353,73.1497049882441,33.05603418743539,68.93619062449145,0.5204835966713348,SLOW,0.7312412073760862,2025-10-02T21:06:07.018065,ARTERIAL,1166.8207171230952
segment_290,19.13547723965479,73.04139506663859,42.20573654744992,72.1995599872308,0.4154294492249756,SLOW,0.7809462160384643,2025-10-02T21:06:07.018065,LOCAL,1046.6857963005618
segment_291,18.93236447723642,72.8234203716976,23.383107528283343,71.3958790844587,0.6724865940704787,CONGESTED,0.9123042804222747,2025-10-02T21:06:07.018065,LOCAL,1667.748268565619
segment_292,19.118524562305833,72.94938503845766,11.730721652884787,69.42022425950151,0.8310186724687912,CONGESTED,0.7707572797431061,2025-10-02T21:06:07.018065,LOCAL,519.1627101513013
segment_293,19.15125462350677,73.09426524569568,59.90911312661223,77.32453325374232,0.22522502748229933,FLOWING,0.8927695598605574,2025-10-02T21:06:07.018065,HIGHWAY,1311.3512024934366
segment_294,19.10838988132755,72.87130098676185,42.7251199077425,79.64505727285214,0.46355591457015866,SLOW,0.9241658763226113,2025-10-02T21:06:07.018065,LOCAL,1186.5573153316543
segment_295,19.146863131562124,72.87379050125345,24.92294929087586,53.38045154967729,0.5331071849835911,SLOW,0.7078590125596194,2025-10-02T21:06:07.018065,HIGHWAY,1213.0392773466137
segment_296,19.146321218719258,73.07906825100802,56.12893075816263,71.30327759405353,0.21281415592537067,FLOWING,0.716840831024863,2025-10-02T21:06:07.018065,LOCAL,916.3479442039767
segment_297,19.26654670520353,73.13677342671673,15.235577981545253,72.10573239182841,0.7887050380578082,CONGESTED,0.8374560660213678,2025-10-02T21:06:07.018065,HIGHWAY,1441.4361145616467
segment_298,19.165091671301816,72.81993681111318,54.71523316432061,76.37560768033585,0.28360330181166016,FLOWING,0.9340639190290307,2025-10-02T21:06:07.018065,ARTERIAL,208.83247704748436
segment_299,18.994593954952766,72.85253976325797,26.93598163370512,76.90492232351158,0.649749576231349,CONGESTED,0.8416181302590995,2025-10-02T21:06:07.018065,HIGHWAY,231.02023107720024
segment_300,18.923962982883527,72.91287482987728,19.393812605474828,49.879151962879995,0.6111839948700877,CONGESTED,0.971876374156311,2025-10-02T21:06:07.018065,ARTERIAL,616.7044796443989
segment_301,19.218947270215544,72.97989593698021,47.71908063253497,42.61464630257541,-0.11978122014005965,FLOWING,0.8462713581020153,2025-10-02T21:06:07.018065,LOCAL,219.0410865651736
segment_302,19.280703730404653,72.85569814844703,34.28313752513694,56.443824104028266,0.39261490394499643,SLOW,0.8042029978776528,2025-10-02T21:06:07.018065,LOCAL,549.8901876916323
segment_303,19.207628467371997,73.01932823349057,12.039351469347253,75.2854245712824,0.840083900198397,CONGESTED,0.8180343539690774,2025-10-02T21:06:07.018065,ARTERIAL,895.7073062409066
segment_304,19.009266272204062,73.09232838599229,58.97133997734856,50.261202497769915,-0.17329743513329432,FLOWING,0.8962523804422223,2025-10-02T21:06:07.018565,ARTERIAL,463.2623327830991
segment_305,19.042070504239586,72.92347949734928,57.08697932562976,78.69424711153101,0.27457239352297147,FLOWING,0.7549046332704181,2025-10-02T21:06:07.018565,HIGHWAY,387.36897459637566
segment_306,18.994633110579517,72.90038666453611,51.78388318126258,62.44891153130099,0.170780051861958,FLOWING,0.8570172734123099,2025-10-02T21:06:07.018565,HIGHWAY,532.07804213662
segment_307,19.06967070805715,73.01701832135817,48.54349936493434,61.95354626880235,0.2164532575049839,FLOWING,0.8838700482585847,2025-10-02T21:06:07.018565,ARTERIAL,970.7712189044473
segment_308,19.10357244059462,72.86630981606531,57.013398085015524,73.99901485922648,0.22953841759277316,FLOWING,0.9007067011987324,2025-10-02T21:06:07.018565,ARTERIAL,1737.7751259681174
segment_309,19.093268151085145,73.09971348507831,20.982315789349528,71.47880539670666,0.7064540226589143,CONGESTED,0.733580778106459,2025-10-02T21:06:07.018565,LOCAL,972.5557674342203
segment_310,18.92182176257279,73.11451127975361,16.07500801747859,50.34483339552155,0.680701932387196,CONGESTED,0.7494119060296888,2025-10-02T21:06:07.018565,LOCAL,1541.0075339513112
segment_311,19.216725225732787,72.80717827142739,11.94395805359374,66.38517465578968,0.8200809425368881,CONGESTED,0.7484859433857614,2025-10-02T21:06:07.018565,ARTERIAL,553.7128016249246
segment_312,19.089520524556015,73.19399586245635,47.46068619704947,41.086696849022395,-0.15513511274583602,FLOWING,0.7195613773781476,2025-10-02T21:06:07.018565,ARTERIAL,752.9600659572958
segment_313,19.018620977448332,72.95629134624545,48.908930352338054,54.877306716674596,0.10875855105555021,FLOWING,0.8355090457695048,2025-10-02T21:06:07.018565,LOCAL,822.7980142643685
segment_314,19.225756977388638,73.18579066156033,16.2071552520229,60.93318524778965,0.7340175934326227,CONGESTED,0.7861413874253727,2025-10-02T21:06:07.018565,HIGHWAY,1197.4273951741993
segment_315,19.166524615371127,73.11916566384636,26.77837599643502,76.60360273628173,0.6504292873975758,CONGESTED,0.8599086601738419,2025-10-02T21:06:07.018565,ARTERIAL,950.4455866084122
segment_316,19.134284480610265,72.86641372536647,38.7410226251547,54.524029465360414,0.289468826771741,FLOWING,0.9691559022893856,2025-10-02T21:06:07.018565,LOCAL,1968.690798158922
segment_317,18.959098841780477,72.880806267361,15.132366158091436,75.75958840031481,0.8002580732338225,CONGESTED,0.8962877656974886,2025-10-02T21:06:07.018565,LOCAL,695.0077901528365
segment_318,19.235409174400754,73.18710235084136,52.12806648413017,44.70575952637301,-0.16602574335815867,FLOWING,0.9219190996256622,2025-10-02T21:06:07.018565,LOCAL,1937.540568992424
segment_319,19.075459611295543,73.1936441276146,41.73559993419949,65.38685093015766,0.3617126480249221,SLOW,0.7497864685887354,2025-10-02T21:06:07.018565,ARTERIAL,1961.5866699235917
segment_320,19.175576287568642,72.85193057958068,42.7773548721266,43.72121945840109,0.021588249320733888,FLOWING,0.7088092477307176,2025-10-02T21:06:07.018565,ARTERIAL,498.53060059899457
segment_321,19.05919139301202,73.18938295599047,23.52622760236068,51.85959125133261,0.5463476083268177,SLOW,0.9754623998868326,2025-10-02T21:06:07.018565,ARTERIAL,1449.461317384292
segment_322,19.032027047537174,72.98846715957312,50.19002937407594,58.37060788692855,0.14014893469500023,FLOWING,0.8073394795976325,2025-10-02T21:06:07.019065,ARTERIAL,1656.584699255776
segment_323,19.26952520385971,73.01017396501828,18.43869674325564,44.51772833644694,0.5858122722726675,SLOW,0.7261538403495493,2025-10-02T21:06:07.019065,HIGHWAY,555.7608142362949
segment_324,18.959628235699615,72.93917656463286,29.769303839797697,69.95305347853225,0.5744388220460808,SLOW,0.8953442754645022,2025-10-02T21:06:07.019065,ARTERIAL,1502.3313343431826
segment_325,19.23860227002159,73.1374949305627,18.96861810146136,41.24462399669431,0.5400947744612324,SLOW,0.921788420549432,2025-10-02T21:06:07.019065,ARTERIAL,717.6976293202281
segment_326,19.18825742260816,72.82785645926496,14.618479044677766,74.22949035623145,0.8030637287886139,CONGESTED,0.7681538671070545,2025-10-02T21:06:07.019065,LOCAL,630.6245680633798
segment_327,19.17001040222466,73.07766022940393,33.19601142297791,52.21242706786925,0.3642124435275248,SLOW,0.7637933129113288,2025-10-02T21:06:07.019065,LOCAL,1549.9950533918898
segment_328,19.07148866395897,73.10369949322434,54.69843143907373,49.31052588405155,-0.10926481635363738,FLOWING,0.9422188091019854,2025-10-02T21:06:07.019065,HIGHWAY,1807.81003754247
segment_329,19.173322789974673,73.14969068965534,5.010361975612004,46.7632428142397,0.8928568321167343,CONGESTED,0.8169278162279476,2025-10-02T21:06:07.019065,ARTERIAL,974.68071528366
segment_330,19.263116715999523,73.01865928807511,25.92203019337253,79.07201314042638,0.672171870123797,CONGESTED,0.7332161779978946,2025-10-02T21:06:07.019065,HIGHWAY,179.84688282567004
segment_331,19.21075973072211,73.16723062087966,20.402053125276918,74.33366707196484,0.7255341498822461,CONGESTED,0.7876654691385693,2025-10-02T21:06:07.019065,LOCAL,1669.4741981664865
segment_332,19.193712457553005,73.13578436380031,58.99892812933452,64.85377989014118,0.0902777258430344,FLOWING,0.867755442048798,2025-10-02T21:06:07.019065,LOCAL,1112.0841848469545
segment_333,19.166737424482083,72.97993688318903,17.01437505858189,44.80988906046703,0.6202986569410498,CONGESTED,0.720502280659678,2025-10-02T21:06:07.019065,HIGHWAY,559.598273691794
segment_334,18.905209695236472,72.98750718618581,21.56958934180002,63.934299371910356,0.6626288306323935,CONGESTED,0.7891713423125851,2025-10-02T21:06:07.019065,LOCAL,1487.4676794712773
segment_335,19.151499484481064,72.82579650849966,53.24817014392102,75.09047051304718,0.2908797910026545,FLOWING,0.7991224011627321,2025-10-02T21:06:07.019065,ARTERIAL,1795.3747464653393
segment_336,18.977838675402058,72.83158766487632,18.173059345024598,71.78313114800761,0.7468338444647381,CONGESTED,0.710401080017945,2025-10-02T21:06:07.019065,LOCAL,608.7756834278349
segment_337,19.231447555567268,73.0293397382541,41.23537885770388,50.09228999357626,0.17681186340269484,FLOWING,0.7660675904131945,2025-10-02T21:06:07.019065,HIGHWAY,1501.374923276371
segment_338,19.120600698158466,72.81305827101826,52.77033284761588,42.587475740605264,-0.23910450032382924,FLOWING,0.9867473451162256,2025-10-02T21:06:07.019065,HIGHWAY,1419.4558666483467
segment_339,18.93452696675895,73.16427063177406,30.543827992404854,45.500950992680615,0.328721107448541,SLOW,0.802244709936954,2025-10-02T21:06:07.019565,HIGHWAY,424.105631958471
segment_340,19.298205494472008,72.97809844491391,48.38412451479478,65.58422244710727,0.262259691287552,FLOWING,0.9029279087015176,2025-10-02T21:06:07.019565,ARTERIAL,1594.8256367934302
segment_341,19.30772180671941,72.90507025703945,19.936282061307192,58.915885312436195,0.661614487237469,CONGESTED,0.9951520938566314,2025-10-02T21:06:07.019565,LOCAL,873.2466283051014
segment_342,19.274421606561873,72.80116841304854,7.187128074371325,64.16286708284878,0.8879861764111769,CONGESTED,0.972214049413854,2025-10-02T21:06:07.019565,LOCAL,625.947184803481
segment_343,19.30804373017844,72.93253880284122,31.512258196164538,47.843908509535716,0.34135276197420483,SLOW,0.8832340213227304,2025-10-02T21:06:07.019565,HIGHWAY,1001.147998819395
segment_344,19.148164325333838,73.01480299534055,51.977479870777735,41.97987413974666,-0.23815235123740663,FLOWING,0.9499951214419038,2025-10-02T21:06:07.019565,HIGHWAY,743.835233743628
segment_345,19.237085985423523,73.02881945734772,33.1967249276029,51.73955292832487,0.35838786675272327,SLOW,0.979526115829845,2025-10-02T21:06:07.019565,HIGHWAY,1651.6961333563643
segment_346,19.019516166740416,73.1272826674993,34.2379705532437,75.19450709444641,0.5446745796173669,SLOW,0.8724338662793245,2025-10-02T21:06:07.019565,LOCAL,1037.7385026462255
segment_347,19.194948681733297,73.19712673559962,12.23190159438899,50.98926102078078,0.7601082786941381,CONGESTED,0.8183728226792939,2025-10-02T21:06:07.019565,LOCAL,880.940043004537
segment_348,19.281196621073754,73.08561305778674,38.43478677498871,52.374908714511285,0.2661603099970702,FLOWING,0.9471371152663884,2025-10-02T21:06:07.019565,LOCAL,1912.662942411577
segment_349,19.20298524946464,73.14515220116496,5.115711374673587,68.70288498926378,0.9255386236622666,CONGESTED,0.9488762670595751,2025-10-02T21:06:07.019565,HIGHWAY,1247.2113606038367
segment_350,19.188367763666896,72.84579505522636,26.111138567473873,58.24946035822168,0.551735957605513,SLOW,0.810715906528275,2025-10-02T21:06:07.019565,LOCAL,1233.0108858346998
segment_351,19.1308251358233,73.16012850722971,27.233185130431504,52.843243883482,0.48464206341155025,SLOW,0.9249552293309399,2025-10-02T21:06:07.019565,ARTERIAL,1370.2880287735368
segment_352,19.185041381802478,72.94476799633514,37.651343516469616,40.40524736110974,0.06815708415364796,FLOWING,0.8908288139228626,2025-10-02T21:06:07.019565,ARTERIAL,319.9014526895402
segment_353,18.964815057418893,72.86873939253084,40.083240096499864,69.63925001098315,0.42441597101953077,SLOW,0.8589974568779256,2025-10-02T21:06:07.019565,LOCAL,1114.5381978407513
segment_354,18.95969759199325,72.80468264429236,28.211884307020146,51.80162830616625,0.45538614847630343,SLOW,0.845800148139281,2025-10-02T21:06:07.019565,HIGHWAY,858.8006219499127
segment_355,19.282256547448497,73.12320905196262,16.882825075642796,58.66431138788863,0.7122130188486575,CONGESTED,0.9450169607675634,2025-10-02T21:06:07.019565,ARTERIAL,1706.648289680823
segment_356,19.190846987201073,72.97197243095606,42.01316423169378,51.01524697021674,0.17645867212557986,FLOWING,0.7918940496334638,2025-10-02T21:06:07.019565,ARTERIAL,1221.5425316110034
segment_357,18.995037225449977,72.95369584805495,29.75678486500627,63.17065415282107,0.5289460705437796,SLOW,0.927805307725784,2025-10-02T21:06:07.020065,LOCAL,705.8469548101638
segment_358,19.144523473569528,72.94846896937506,38.059079174012815,68.22343450575298,0.4421406742458346,SLOW,0.906521505547641,2025-10-02T21:06:07.020065,LOCAL,1072.1946345048723
segment_359,18.96956390575187,73.05829620403824,7.462814777756752,70.47627280529662,0.8941088329348216,CONGESTED,0.9839933301980639,2025-10-02T21:06:07.020065,LOCAL,148.35074382092665
segment_360,19.171245402240324,73.0547609269819,23.733229161971042,42.86847555390604,0.44637104876456124,SLOW,0.8228886684685696,2025-10-02T21:06:07.020065,HIGHWAY,292.393837768802
segment_361,19.25579858567139,73.0124341379541,51.294784895957186,63.208860751401176,0.18848743220197783,FLOWING,0.8679065334513819,2025-10-02T21:06:07.020065,LOCAL,1407.7210479824505
segment_362,18.95903224638291,72.99423587986377,6.5145195928206014,60.218204716418,0.8918181034539465,CONGESTED,0.9892052221353107,2025-10-02T21:06:07.020065,ARTERIAL,174.09242389233202
segment_363,18.913001432186125,72.95519470397875,13.801371505475672,40.93408385312743,0.6628391255806443,CONGESTED,0.9268640841850531,2025-10-02T21:06:07.020065,LOCAL,1026.9172746655722
segment_364,18.954620068654677,73.13419209455293,25.371834245141855,54.99214271127185,0.538628011307853,SLOW,0.8422019285449467,2025-10-02T21:06:07.020065,ARTERIAL,1245.591465310977
segment_365,19.247217091091425,73.19360526528419,20.862299080031015,78.44541941630372,0.7340533171310306,CONGESTED,0.8168445684707261,2025-10-02T21:06:07.020065,HIGHWAY,1944.4100919867715
segment_366,19.224886334444516,73.1920435969655,31.283314641223335,61.29030124595904,0.4895878466042637,SLOW,0.750501086775739,2025-10-02T21:06:07.020065,HIGHWAY,1683.9349276814125
segment_367,19.084985367131218,72.9209332997406,19.263419352440195,47.78495346819488,0.5968726983220417,SLOW,0.7172942746597074,2025-10-02T21:06:07.020065,ARTERIAL,1387.035910885562
segment_368,18.998715630217607,73.13227540420803,34.965521164985276,46.60968201770413,0.2498227910736649,FLOWING,0.8748953278493807,2025-10-02T21:06:07.020065,HIGHWAY,943.6831234841856
segment_369,19.163018414996845,72.99555913271698,27.097834035987834,79.75393555598794,0.6602320142939538,CONGESTED,0.9640944286446781,2025-10-02T21:06:07.020065,ARTERIAL,1181.8169862463374
segment_370,19.160677401526325,72.88052484312897,26.732575879537524,41.57838131563597,0.3570558777504773,SLOW,0.842663811246048,2025-10-02T21:06:07.020065,ARTERIAL,532.7244985960982
segment_371,19.304892115809515,73.1637818443749,44.71787795007482,61.3354651506145,0.27092950480988065,FLOWING,0.9609907478943055,2025-10-02T21:06:07.020065,HIGHWAY,1517.1340733913228
segment_372,19.130715441349334,72.82309642074766,42.44157411282671,58.67128308924752,0.27662099960781616,FLOWING,0.7103383778275,2025-10-02T21:06:07.020065,ARTERIAL,382.7123418697197
segment_373,19.094323754127466,73.19239495126507,31.587408978523065,74.54190090058181,0.5762462642232333,SLOW,0.8766194566393959,2025-10-02T21:06:07.020065,ARTERIAL,1033.694537304258
segment_374,19.119426541070293,73.02508467960894,29.267304251042958,64.23021212556228,0.5443374187550724,SLOW,0.9756204131819133,2025-10-02T21:06:07.020065,LOCAL,1196.8301555429493
segment_375,19.26354240116231,73.19229573743337,27.41713147155993,73.10075688425212,0.6249405253768813,CONGESTED,0.9293583383964152,2025-10-02T21:06:07.020565,LOCAL,1916.489572862673
segment_376,18.98419929652193,72.84370568412385,51.96790818254822,57.56599266534993,0.09724638147639042,FLOWING,0.9540906562621181,2025-10-02T21:06:07.020565,LOCAL,692.6082520081329
segment_377,19.00753997734408,72.81231601986417,58.434317331482376,48.829819538111266,-0.196693288736709,FLOWING,0.9202089287767918,2025-10-02T21:06:07.020565,ARTERIAL,1006.0025898038525
segment_378,19.188843257820835,73.08908278307929,43.08928373454094,45.37740517632487,0.05042424600729989,FLOWING,0.7898186765115043,2025-10-02T21:06:07.020565,ARTERIAL,733.47391210231
segment_379,19.207881499741198,73.01143124388888,48.63667078679413,79.62184131080534,0.38915415687336374,SLOW,0.7601953052211283,2025-10-02T21:06:07.020565,ARTERIAL,1674.0916689533224
segment_380,19.0237401464654,72.80572611106682,45.582823520884155,73.36578388002704,0.3786909767716182,SLOW,0.9221428395860557,2025-10-02T21:06:07.020565,HIGHWAY,110.76504760617782
segment_381,19.293578231952694,73.12877065437597,49.50507441264671,75.37697102007908,0.3432334339959159,SLOW,0.9100102818316314,2025-10-02T21:06:07.020565,LOCAL,268.3489565423902
segment_382,19.10480368006023,72.83105973386864,27.414866706783695,56.28425956502511,0.5129212515426032,SLOW,0.7198029532420724,2025-10-02T21:06:07.020565,LOCAL,1143.3476389266282
segment_383,19.16547772839262,73.03081626578476,43.37659518403862,40.24354992959356,-0.07785210946664356,FLOWING,0.7302823599932564,2025-10-02T21:06:07.020565,ARTERIAL,669.1747881123604
segment_384,18.932282071615987,73.00024970722816,48.69835494699118,68.28345909066792,0.28682062104779005,FLOWING,0.7150678034391921,2025-10-02T21:06:07.020565,ARTERIAL,1449.2091072012427
segment_385,19.180078856825993,72.88444498846646,52.4870421771351,56.05224096878849,0.06360492872423407,FLOWING,0.7877545273212225,2025-10-02T21:06:07.020565,ARTERIAL,605.7192237795211
segment_386,18.909251306914,73.03330299698244,51.322691048917136,61.95921797766567,0.1716698059775814,FLOWING,0.7657821885771627,2025-10-02T21:06:07.020565,HIGHWAY,1246.6368824824194
segment_387,19.05028191532769,73.05912697839621,11.760637315596316,75.54636321061594,0.84432556623793,CONGESTED,0.8509251852339509,2025-10-02T21:06:07.020565,ARTERIAL,962.4990114058784
segment_388,19.24500143648989,73.02186293921403,40.039996039449775,61.05113841352811,0.34415643868522106,SLOW,0.8389518150254025,2025-10-02T21:06:07.020565,ARTERIAL,1662.8161093299739
segment_389,19.23766257317206,73.02100038696315,33.609344077091315,45.71503845357647,0.26480770411641374,FLOWING,0.9326038451209406,2025-10-02T21:06:07.020565,ARTERIAL,862.7466987350679
segment_390,18.966622140701077,73.15279686788865,50.307794955564084,68.86886210868717,0.26951319630968285,FLOWING,0.7814641142233727,2025-10-02T21:06:07.020565,HIGHWAY,703.4149109961216
segment_391,18.90005657106188,73.0044516556949,7.5768549690181715,51.04678231283598,0.8515703708299567,CONGESTED,0.9120929462367149,2025-10-02T21:06:07.020565,LOCAL,1208.2063838447862
segment_392,19.096126559984715,72.9361482985223,56.72466781548949,43.30861846097414,-0.30977781862528575,FLOWING,0.9792662116182425,2025-10-02T21:06:07.020565,HIGHWAY,784.444445720813
segment_393,19.0135651802815,73.13708476086423,22.234135467182874,71.55729887104029,0.6892820743939347,CONGESTED,0.9675616434432204,2025-10-02T21:06:07.021065,HIGHWAY,902.5305921501812
segment_394,19.058471737790654,73.17452846158767,42.13270336323174,44.64090725392677,0.05618622122592276,FLOWING,0.7126875247668043,2025-10-02T21:06:07.021065,HIGHWAY,836.5327303657294
segment_395,19.165738989074413,73.08154283665374,5.239979830767,46.67812354988795,0.8877422777038865,CONGESTED,0.9139138151902956,2025-10-02T21:06:07.021065,HIGHWAY,447.3337496481109
segment_396,19.01694455146518,72.85184026047817,42.18595272779261,77.75929221452839,0.45748023771349766,SLOW,0.7806904094786158,2025-10-02T21:06:07.021065,LOCAL,1305.2455054512882
segment_397,19.319775824250566,72.84192322599903,32.421393972814,55.4048047961,0.41482703364571416,SLOW,0.9597460495667065,2025-10-02T21:06:07.021065,LOCAL,969.6292498026586
segment_398,18.987730744082167,72.94748286834592,25.339729079294713,42.09420080749889,0.3980232765274272,SLOW,0.9302702885553755,2025-10-02T21:06:07.021065,ARTERIAL,1148.931792841418
segment_399,19.07463495028873,73.08786152664422,25.413888813215802,74.79052706726843,0.660199094594454,CONGESTED,0.9191489082876371,2025-10-02T21:06:07.021065,ARTERIAL,509.90729043526284
segment_400,19.184681544130218,73.04310084890109,21.241581266450805,45.46403614604691,0.5327827648602255,SLOW,0.895491928143183,2025-10-02T21:06:07.021065,ARTERIAL,1500.4834458208973
segment_401,19.30932856076084,72.82087945161798,42.52066343446358,58.72616565204122,0.27595028617391715,FLOWING,0.8737525766124166,2025-10-02T21:06:07.021065,HIGHWAY,646.0782332846015
segment_402,19.054470114857583,72.82323678083213,11.133171677670202,60.634476108493125,0.8163887545140219,CONGESTED,0.7802778030183914,2025-10-02T21:06:07.021065,HIGHWAY,1407.2844432884262
segment_403,19.00159333109274,73.16442748110696,51.10459477501377,68.37531868349564,0.2525871065907098,FLOWING,0.9846537867493391,2025-10-02T21:06:07.021065,LOCAL,1036.4427104501488
segment_404,19.069801693847044,73.01237507136484,37.73224211981248,40.396952845113425,0.0659631615166062,FLOWING,0.8392285478360512,2025-10-02T21:06:07.021065,ARTERIAL,1086.1613322461426
segment_405,19.18456775233276,72.92474554316675,47.56952579840194,70.9168592750446,0.32922119951889217,SLOW,0.8563888142962417,2025-10-02T21:06:07.021065,ARTERIAL,1728.5461637269364
segment_406,19.141649269365654,72.83055397799659,26.041917796384947,54.709346032204394,0.5239950815523275,SLOW,0.7545217572128389,2025-10-02T21:06:07.021065,LOCAL,133.34949039659494
segment_407,19.023189616527837,73.10925674956746,33.48782902419184,53.92382372673153,0.3789789612491631,SLOW,0.811521788471899,2025-10-02T21:06:07.021065,LOCAL,1359.7139576693742
segment_408,19.130320455202174,73.15170204593855,42.15690505726429,61.878530054855524,0.31871515015156227,SLOW,0.9489289360862935,2025-10-02T21:06:07.021065,LOCAL,1582.7146347848627
segment_409,19.0923582187815,72.9592021171818,21.660365085825593,42.62779435817463,0.4918722534920028,SLOW,0.7684706090481097,2025-10-02T21:06:07.021065,ARTERIAL,1246.2544308583917
segment_410,19.098828370227864,72.82388659558835,41.940325485031636,63.28835039072925,0.3373136568404659,SLOW,0.9970626680762864,2025-10-02T21:06:07.021065,LOCAL,1591.8601319819759
segment_411,19.316357718656974,73.0177929331201,57.95225926392634,43.02420162467003,-0.3469688471963783,FLOWING,0.8097042244784114,2025-10-02T21:06:07.021565,LOCAL,1478.69168052139
segment_412,19.1602885200019,73.15843004471783,51.595694146846995,52.60588156530213,0.01920293678951357,FLOWING,0.7828711974925459,2025-10-02T21:06:07.021565,HIGHWAY,1641.1351628735947
segment_413,19.167100977008765,72.9552662824508,42.077166254483465,50.39619916971331,0.16507262556080515,FLOWING,0.8035576625482631,2025-10-02T21:06:07.021565,ARTERIAL,651.9585607756987
segment_414,19.097395072626334,73.1560564549584,43.924674264714014,42.488129046588114,-0.033810507790322575,FLOWING,0.744190913283691,2025-10-02T21:06:07.021565,HIGHWAY,1044.8936477210477
segment_415,18.996705386698416,72.81782552937946,27.860320267724813,52.076668003100075,0.4650133863006306,SLOW,0.9283264918071626,2025-10-02T21:06:07.021565,HIGHWAY,1903.2352729982035
segment_416,19.30417028525487,73.04836343608709,56.07631578581856,70.43417378057983,0.2038478940562235,FLOWING,0.8640578922925378,2025-10-02T21:06:07.021565,ARTERIAL,922.3504041979916
segment_417,18.91843797591006,72.86629991192807,29.504790130804,48.36741861631711,0.38998625573020884,SLOW,0.7149937085979036,2025-10-02T21:06:07.021565,HIGHWAY,360.2982198019756
segment_418,19.31789217511654,73.01089306430157,26.55220630249934,66.36455057878106,0.599903772858684,SLOW,0.7326679941943117,2025-10-02T21:06:07.021565,LOCAL,1046.6484009486185
segment_419,19.070803109399403,73.18120800847156,33.73968442026293,48.764699178797535,0.30811252835672875,SLOW,0.8376890438131895,2025-10-02T21:06:07.021565,ARTERIAL,1227.7657772196933
segment_420,18.930694256051346,73.0489373058469,58.9647810219262,47.60430599134911,-0.23864385361781304,FLOWING,0.937778534886515,2025-10-02T21:06:07.021565,LOCAL,774.5780072587207
segment_421,19.19329068603558,72.95808237052398,57.409323779880516,78.6821072570414,0.27036367248866666,FLOWING,0.817838132742803,2025-10-02T21:06:07.021565,ARTERIAL,1006.110202289143
segment_422,19.20169909365624,72.89893612632763,40.2338350951888,66.66401916186477,0.39646850578423254,SLOW,0.7488099231425698,2025-10-02T21:06:07.021565,ARTERIAL,1566.0911308593545
segment_423,19.109536179105095,72.80484124671044,5.49711579936107,54.28117375880049,0.8987288700906209,CONGESTED,0.9778582205295345,2025-10-02T21:06:07.021565,ARTERIAL,1629.0309317804201
segment_424,18.91934382835978,73.12323171294233,14.783846822696288,60.587344684857555,0.7559911744012908,CONGESTED,0.9424826318667813,2025-10-02T21:06:07.021565,ARTERIAL,914.5338398742239
segment_425,18.91225130073101,72.9923560586412,41.43387064355874,44.74010494392606,0.07389867110305426,FLOWING,0.7866654816727496,2025-10-02T21:06:07.021565,LOCAL,1847.1089468464945
segment_426,19.317167106477644,72.81796451959825,46.85543579224656,54.86896265609373,0.14604844844751574,FLOWING,0.8177374558688439,2025-10-02T21:06:07.021565,HIGHWAY,161.97410184897637
segment_427,18.924235229934677,72.9777461396966,20.155136657071587,64.88158249483975,0.6893550391025898,CONGESTED,0.9977326868124337,2025-10-02T21:06:07.021565,HIGHWAY,1171.7406547836838
segment_428,19.050602953840446,73.06265242948315,18.22194020914288,47.66371782939303,0.6176978834432034,CONGESTED,0.9754717260026311,2025-10-02T21:06:07.022065,LOCAL,1061.3200246963702
segment_429,18.992758168844464,72.81557198533027,6.981035006028451,47.00887088423309,0.8514953693905907,CONGESTED,0.9600311063518001,2025-10-02T21:06:07.022065,HIGHWAY,527.2914119502337
segment_430,19.081179872485112,73.08766395877782,35.982855311817566,57.100073253124464,0.36982821103738917,SLOW,0.7979015292795961,2025-10-02T21:06:07.022065,LOCAL,636.7425253484193
segment_431,19.048281164472126,73.1576377210133,57.0551082232723,75.70232909945898,0.2463229480256499,FLOWING,0.8258343981871941,2025-10-02T21:06:07.022065,LOCAL,1005.0378932720877
segment_432,19.108966737901362,72.8818720436229,37.5121666792184,47.44543591013392,0.20936195527279067,FLOWING,0.7994694097201581,2025-10-02T21:06:07.022065,LOCAL,162.33828584435605
segment_433,19.167137836887587,72.9457416953713,21.23829913693032,75.17986282912506,0.7175001611109286,CONGESTED,0.8380007186742396,2025-10-02T21:06:07.022065,LOCAL,1640.669303915045
segment_434,19.251046889722417,72.93287641324623,43.14899316105874,70.84491263407546,0.39093730859787024,SLOW,0.8963952060597864,2025-10-02T21:06:07.022065,LOCAL,1079.7528711272616
segment_435,19.094583334374573,72.81816131258748,20.951605650689825,77.240398835412,0.7287480908101649,CONGESTED,0.81754718898505,2025-10-02T21:06:07.022065,HIGHWAY,1554.5388259801357
segment_436,18.90000488659725,72.96662633139292,33.738059959707364,42.185376800038895,0.20024277323330064,FLOWING,0.9919234488916999,2025-10-02T21:06:07.022065,LOCAL,486.79891733808483
segment_437,18.90423805480939,72.97499277064328,53.55039093703821,42.076037743492364,-0.272705173987551,FLOWING,0.7573356128488008,2025-10-02T21:06:07.022065,ARTERIAL,1490.2769994720045
segment_438,19.169066948977086,72.96637756183274,46.74879165921067,64.38524046627607,0.2739206793256148,FLOWING,0.9688122398971657,2025-10-02T21:06:07.022065,HIGHWAY,1453.9805328871744
segment_439,19.243047375932367,72.87264558710264,25.401755448677086,76.077607869966,0.6661073322377001,CONGESTED,0.9420080559084217,2025-10-02T21:06:07.022065,LOCAL,518.9280259093022
segment_440,19.220242811479732,73.01698840138506,13.22807972398239,55.22758724643463,0.7604805789368181,CONGESTED,0.8243409146618029,2025-10-02T21:06:07.022065,ARTERIAL,1447.7095740979582
segment_441,18.970274947680444,73.11225268697022,37.10750292827614,78.08887142790378,0.5248042102575914,SLOW,0.7127266894620675,2025-10-02T21:06:07.022065,HIGHWAY,787.2494842332032
segment_442,19.298667623285617,73.05286379967458,12.146775474736767,62.403667897735815,0.8053515781373247,CONGESTED,0.9342195559602703,2025-10-02T21:06:07.022065,LOCAL,1066.8920556230062
segment_443,19.055097923490525,73.17316994502787,50.51284759302717,67.88837527638547,0.2559426059707496,FLOWING,0.9142979907204992,2025-10-02T21:06:07.022065,LOCAL,1626.6844060263752
segment_444,18.951252807615177,72.8500501028567,51.77593881184607,53.78416337790239,0.03733858518809674,FLOWING,0.7092573712924217,2025-10-02T21:06:07.022065,HIGHWAY,470.95714561733485
segment_445,19.045043619942852,72.93424418170794,58.81890076140273,74.26148894991707,0.20794880909173563,FLOWING,0.9103509584770779,2025-10-02T21:06:07.022065,LOCAL,927.1160207649488
segment_446,19.13071010402164,72.92479360813057,31.537523112944836,60.26690595930983,0.4767024686112491,SLOW,0.8161711813534287,2025-10-02T21:06:07.022565,ARTERIAL,130.5175434639117
segment_447,19.228511930498325,72.84975313249653,48.86510482954597,64.63647662706884,0.2440011061945485,FLOWING,0.9529834272809208,2025-10-02T21:06:07.022565,LOCAL,546.4494694923103
segment_448,19.19604582421822,73.12685125680623,35.0536673842816,78.68141101024585,0.5544860350849969,SLOW,0.7155006164973883,2025-10-02T21:06:07.022565,HIGHWAY,686.7854056139477
segment_449,19.10255103172592,72.84739694350736,57.88323364406966,68.57643054506393,0.1559310803435212,FLOWING,0.985740135006354,2025-10-02T21:06:07.022565,LOCAL,1770.7479383354032
segment_450,19.239691793516688,73.07086096498307,39.376605234686316,52.6619866107148,0.25227649450895173,FLOWING,0.9449232354895092,2025-10-02T21:06:07.022565,HIGHWAY,1613.6946546636075
segment_451,19.00519651749285,73.0499496398428,36.44602907290618,73.31321507153083,0.5028723124835512,SLOW,0.9718261181443781,2025-10-02T21:06:07.022565,ARTERIAL,570.2691389667827
segment_452,18.968382320864283,72.87476577624338,6.088761209098991,55.62728443943757,0.8905436195482823,CONGESTED,0.7574283041498627,2025-10-02T21:06:07.022565,HIGHWAY,1876.4894204936543
segment_453,19.08082688799302,73.15119379879394,38.302762163873204,49.88526218645568,0.23218280339573383,FLOWING,0.8067564277777634,2025-10-02T21:06:07.022565,ARTERIAL,922.257071238599
segment_454,19.1878864309532,72.93298246285948,8.112211088069358,54.95684188051254,0.8523894239463947,CONGESTED,0.983334574808291,2025-10-02T21:06:07.022565,HIGHWAY,1591.2374636218724
segment_455,19.208064433526683,72.84647638261018,47.95477414882453,71.41075246064061,0.3284656372266108,SLOW,0.8803308086872985,2025-10-02T21:06:07.022565,HIGHWAY,717.9824212566486
segment_456,19.29533442826158,73.1658924459826,5.631436286215782,58.00466105899244,0.9029140730520182,CONGESTED,0.993131269915472,2025-10-02T21:06:07.022565,ARTERIAL,1944.2854362785138
segment_457,18.947587471985536,72.96144040094464,45.58367416590334,68.18217712109781,0.331442965146998,SLOW,0.8268185910681797,2025-10-02T21:06:07.022565,LOCAL,1087.43809949952
segment_458,18.931097731523185,73.04219306768576,33.423446652048696,69.60645475045852,0.5198225973169748,SLOW,0.8892101413476354,2025-10-02T21:06:07.022565,ARTERIAL,1410.5798135714301
segment_459,18.960455603700336,73.03814386450344,14.466083155252772,77.02088831407524,0.8121797414713905,CONGESTED,0.7205002314536813,2025-10-02T21:06:07.022565,HIGHWAY,274.9272735567033
segment_460,19.15159872660316,73.0494595113161,40.667765106527845,50.69608111430165,0.19781244994388247,FLOWING,0.7045332052643425,2025-10-02T21:06:07.022565,LOCAL,809.1936474792419
segment_461,19.13673718783208,72.98027458997556,41.96308213137394,63.34227869299274,0.3375185895227967,SLOW,0.8577268658677404,2025-10-02T21:06:07.022565,LOCAL,1235.569737135136
segment_462,19.26376016611691,73.17869349156936,10.824819242206669,46.1931445039088,0.7656617803689314,CONGESTED,0.9834208776349239,2025-10-02T21:06:07.022565,ARTERIAL,1884.2084823376556
segment_463,18.90280649427403,73.10892040606613,39.386262324174325,54.942192041907276,0.28313267344462034,FLOWING,0.7151466833237223,2025-10-02T21:06:07.022565,HIGHWAY,129.25029421348611
segment_464,19.14482894385779,72.90124061567184,29.76398353785897,78.30324060335269,0.6198882280156286,CONGESTED,0.8197105952927304,2025-10-02T21:06:07.023065,HIGHWAY,1272.7731396125787
segment_465,19.21055145652915,72.88586714558902,41.574698393077554,59.92161572227476,0.3061819530072697,SLOW,0.9228474924718949,2025-10-02T21:06:07.023065,ARTERIAL,275.98841779759766
segment_466,19.214321426864018,73.16581946553943,28.871153498981737,50.34846568621764,0.4265733204480765,SLOW,0.8303209957019829,2025-10-02T21:06:07.023065,HIGHWAY,932.9314620584465
segment_467,19.318430160340448,72.89166878048566,35.078178123182454,66.82702101529301,0.475089902404074,SLOW,0.9102602907584296,2025-10-02T21:06:07.023065,HIGHWAY,273.6438240303752
segment_468,18.983693541316054,73.15098801866179,45.62977328996115,40.54982216045381,-0.12527677949871663,FLOWING,0.77451287811094,2025-10-02T21:06:07.023065,HIGHWAY,130.04507284262792
segment_469,18.932400970786624,73.16446731407203,24.51734569103813,56.99086121700212,0.569802154810676,SLOW,0.7646033144147657,2025-10-02T21:06:07.023065,HIGHWAY,1378.4561703363515
segment_470,18.934082654985218,73.18059628407072,51.117050861366366,72.20361273982651,0.29204303051208813,FLOWING,0.9468951415125302,2025-10-02T21:06:07.023065,LOCAL,638.2790486073682
segment_471,19.230443191409993,72.95897926275964,33.24860755993785,50.134286802386455,0.3368090047636785,SLOW,0.9962978777023755,2025-10-02T21:06:07.023065,LOCAL,1564.4108087205482
segment_472,19.07954817314984,72.88248696203365,48.98453201806736,53.344271561161726,0.08172835461996542,FLOWING,0.9595580042193432,2025-10-02T21:06:07.023065,HIGHWAY,1801.1575693910215
segment_473,19.17991447996127,73.11495481070094,29.988998268721033,65.20988877824632,0.5401157887156954,SLOW,0.7745150826229622,2025-10-02T21:06:07.023065,ARTERIAL,912.4425340363409
segment_474,19.08586911622219,73.05972892983075,56.495434180790966,42.56025386434484,-0.3274223965125458,FLOWING,0.9474229712041022,2025-10-02T21:06:07.023065,ARTERIAL,1591.6856567818445
segment_475,19.151515068033365,72.88043949097707,37.4627962532991,56.30531431918623,0.33464901659320767,SLOW,0.8408576626131588,2025-10-02T21:06:07.023065,LOCAL,633.9723546239537
segment_476,19.1994432033007,72.80459698931924,27.482749367602263,76.96107481702931,0.6429006555204566,CONGESTED,0.7335641849647371,2025-10-02T21:06:07.023065,HIGHWAY,233.93469672197483
segment_477,18.97797161605852,73.06568775399559,53.49298365139294,72.56502742364647,0.26282693536251045,FLOWING,0.9055402929623452,2025-10-02T21:06:07.023065,LOCAL,1631.1046119738828
segment_478,18.90334504999309,73.16982442215073,29.381858023444643,62.135207514629904,0.5271302825129118,SLOW,0.7764646746744647,2025-10-02T21:06:07.023065,HIGHWAY,772.1994015992284
segment_479,19.247993351120556,73.11571713932787,21.92877074244101,76.55153775493037,0.7135423874482696,CONGESTED,0.9858445051007518,2025-10-02T21:06:07.023065,ARTERIAL,773.4074027068042
segment_480,19.112366344437223,73.17644832501347,53.19756882282714,44.102718503343596,-0.20621972132611344,FLOWING,0.8178192229814248,2025-10-02T21:06:07.023065,LOCAL,1674.8554248806215
segment_481,19.046533831517564,73.00863975840454,48.696709850666984,75.37506188091885,0.35394136156597267,SLOW,0.803434426021794,2025-10-02T21:06:07.023065,LOCAL,887.5805231519053
segment_482,18.90556543407164,72.91837715554347,30.2554078552909,56.44374435521759,0.4639723462553361,SLOW,0.9165787682547039,2025-10-02T21:06:07.023565,LOCAL,1029.8152530442735
segment_483,19.08043560869559,73.09625045955775,52.46348194428294,61.275563160300564,0.1438106932279788,FLOWING,0.9368296582585574,2025-10-02T21:06:07.023565,ARTERIAL,406.589322005229
segment_484,18.935092821754488,72.8076515865749,14.11614973308714,75.63422139932587,0.8133629265705251,CONGESTED,0.7724610525105045,2025-10-02T21:06:07.023565,ARTERIAL,1305.814587326023
segment_485,19.144500399182675,72.84736601567037,16.654188174206,52.44009978930721,0.6824150174938861,CONGESTED,0.7500793212452505,2025-10-02T21:06:07.023565,LOCAL,842.9624513420574
segment_486,18.99836541578906,72.88782156929192,57.79245414924004,64.65201943702897,0.10609978385083774,FLOWING,0.8670635329516287,2025-10-02T21:06:07.023565,LOCAL,1532.3436402901575
segment_487,19.266016736978145,73.07159139721522,27.652560722962278,70.14378522983012,0.6057731895654463,CONGESTED,0.7611001413318055,2025-10-02T21:06:07.023565,ARTERIAL,882.7203805647937
segment_488,19.26562132583314,73.05256756848735,34.287723652878995,44.615785687156695,0.2314889646166376,FLOWING,0.8816913667970234,2025-10-02T21:06:07.023565,HIGHWAY,740.6924935749289
segment_489,18.95999362522202,73.07682945880975,16.343866260988392,55.67437492752104,0.7064382620861853,CONGESTED,0.9687024332856335,2025-10-02T21:06:07.023565,LOCAL,1568.6747704806148
segment_490,19.299605652064788,73.1105957210604,38.62351312191558,74.29235609443364,0.48011457500660093,SLOW,0.9019739318063594,2025-10-02T21:06:07.023565,LOCAL,1165.288760384005
segment_491,19.163939111778127,73.07545265172315,18.92998109374933,40.39915106633798,0.5314262653028254,SLOW,0.9170330987064736,2025-10-02T21:06:07.023565,HIGHWAY,983.6049717712243
segment_492,19.26715168650595,72.88137459005443,12.00625288001866,51.42035120474046,0.7665077620296028,CONGESTED,0.859473219032498,2025-10-02T21:06:07.023565,HIGHWAY,448.54017316652556
segment_493,19.25908908821582,73.15302395070894,30.647036587709355,43.0279890923915,0.2877418342302087,FLOWING,0.8163478269750793,2025-10-02T21:06:07.023565,ARTERIAL,1813.3706542378345
segment_494,18.98545855184899,72.8267894448101,53.254274922306124,55.57619755915501,0.04177908419116738,FLOWING,0.8625282892802689,2025-10-02T21:06:07.023565,LOCAL,226.47298303702343
segment_495,19.17229356312988,72.82964216902994,25.650791065657522,72.15258180773787,0.6444924017548233,CONGESTED,0.8300416698266903,2025-10-02T21:06:07.023565,HIGHWAY,1162.212641398544
segment_496,19.0348881041071,72.8880445303619,24.2786293857389,54.90133095038203,0.5577770344460118,SLOW,0.7206141033171882,2025-10-02T21:06:07.023565,ARTERIAL,811.5127599392322
segment_497,19.055182412293178,72.81812771158435,24.246971674130187,77.17153609048238,0.6858042109502523,CONGESTED,0.8137679611541346,2025-10-02T21:06:07.023565,ARTERIAL,1357.2001479597272
segment_498,19.103275534635493,72.80212539026734,49.24720533375023,70.9123829316135,0.3055203717911543,SLOW,0.8645257488980688,2025-10-02T21:06:07.023565,HIGHWAY,1203.928677412708
segment_499,19.07894981060296,73.0192129426657,33.659025477961336,54.008119643629215,0.3767784233174697,SLOW,0.9032420244470418,2025-10-02T21:06:07.024065,HIGHWAY,127.79369186758386
segment_500,18.987041765902926,73.08529434723333,26.26410949486088,66.49935787766432,0.6050471713850576,CONGESTED,0.8040887979203675,2025-10-02T21:06:07.024065,ARTERIAL,1524.9578170589346
segment_501,19.281455965254136,73.10348612846558,37.8435418294666,66.16530948111495,0.4280455706132835,SLOW,0.9667383771820031,2025-10-02T21:06:07.024065,HIGHWAY,1129.1281946118438
segment_502,19.218472262663546,72.92276180527783,27.8234168470043,68.51110704867324,0.5938845824336578,SLOW,0.8158635978451092,2025-10-02T21:06:07.024065,LOCAL,452.20828025677184
segment_503,19.151903952287608,73.14460548289075,52.77518019028841,68.97377625318158,0.2348515181107831,FLOWING,0.9237260137228378,2025-10-02T21:06:07.024065,HIGHWAY,1210.8693713150672
segment_504,18.956133244192415,72.97754367536852,29.79269561375001,78.33991342670961,0.619699661250936,CONGESTED,0.8293260587869868,2025-10-02T21:06:07.024065,ARTERIAL,1415.4819526760105
segment_505,19.01090603357136,73.17562739178013,40.00058548433559,52.98047200701369,0.24499378791792925,FLOWING,0.7808535586876818,2025-10-02T21:06:07.024065,HIGHWAY,1419.817821898083
segment_506,18.991860557459127,73.038121306371,19.554926480894654,66.47875779175475,0.7058469933786877,CONGESTED,0.9444819185621618,2025-10-02T21:06:07.024065,LOCAL,1968.280747955088
segment_507,19.23041750309707,73.10946502595827,46.13112159266395,46.02432412873096,-0.0023204569747570236,FLOWING,0.7651692659359032,2025-10-02T21:06:07.024065,HIGHWAY,593.1952536225934
segment_508,18.914144089627275,73.1516743090405,18.386817577019176,62.293486782920326,0.7048356332806773,CONGESTED,0.7116937961983391,2025-10-02T21:06:07.024065,ARTERIAL,1589.1675391327735
segment_509,19.080173671373174,72.88042606081997,33.28105720051366,69.44915530114201,0.5207852844832745,SLOW,0.8309258796188779,2025-10-02T21:06:07.024065,HIGHWAY,1668.2897618355014
segment_510,19.254845966057196,72.89960349444364,36.718631937176596,42.690236558694714,0.13988220967826615,FLOWING,0.7284753810465009,2025-10-02T21:06:07.024065,LOCAL,1873.7850585695312
segment_511,19.236566156587,73.0697035368026,5.3145219748434105,58.633030128924986,0.9093595885602774,CONGESTED,0.8713486895867083,2025-10-02T21:06:07.024065,HIGHWAY,704.3984491165969
segment_512,19.30368695459827,73.15668434608111,51.70484530259373,56.24047206824443,0.08064702515560307,FLOWING,0.7041095651226743,2025-10-02T21:06:07.024065,HIGHWAY,540.8345425867403
segment_513,18.906040207350273,73.10574135457458,39.3058696675205,70.49210498003839,0.44240749118428313,SLOW,0.7116814050062996,2025-10-02T21:06:07.024065,LOCAL,1072.1078640006465
segment_514,18.902245387558832,73.17536549754325,27.814831566392098,56.09339820949331,0.5041335976381498,SLOW,0.8171780822745346,2025-10-02T21:06:07.024065,HIGHWAY,1312.8122556044705
segment_515,19.20786152024391,73.07045015903532,12.613952133116687,63.1536067214237,0.800265530537979,CONGESTED,0.8708453452516761,2025-10-02T21:06:07.024065,LOCAL,1863.5459864165077
segment_516,19.290238598406493,72.93676211124219,34.022260642193224,48.46543594279445,0.2980098088387989,FLOWING,0.9986893328496651,2025-10-02T21:06:07.024065,ARTERIAL,1334.06696644415
segment_517,19.23785390506454,73.08604006451348,37.62370204717075,42.133919879555904,0.10704481912146002,FLOWING,0.8364293027657983,2025-10-02T21:06:07.024565,ARTERIAL,788.6195129700753
segment_518,19.26272939694458,72.84402531368045,55.8775946438658,65.26574060331566,0.1438449310873663,FLOWING,0.7163172245566933,2025-10-02T21:06:07.024565,LOCAL,1424.5580311944375
segment_519,19.1724283618429,72.91011528538074,13.591361277764209,65.43761307306843,0.7923004730843723,CONGESTED,0.8797906348418313,2025-10-02T21:06:07.024565,LOCAL,487.9164624196617
segment_520,18.9177837570844,73.03189046283889,29.910108864718595,77.94977580598844,0.6162899949941771,CONGESTED,0.7181814723144729,2025-10-02T21:06:07.024565,ARTERIAL,1580.2949141519948
segment_521,19.1560729185641,73.07985582784885,51.09852362437534,72.11243739298001,0.291404846768504,FLOWING,0.9882760440786473,2025-10-02T21:06:07.024565,LOCAL,1314.1611019383495
segment_522,19.300484741097634,73.1526462559512,37.14748875419346,73.3516780367531,0.4935700211850561,SLOW,0.8927732830970903,2025-10-02T21:06:07.024565,ARTERIAL,1208.0625281264854
segment_523,19.148992875813406,72.94196986435081,7.859414358773912,41.269750614919545,0.8095599260555592,CONGESTED,0.8270005432459593,2025-10-02T21:06:07.024565,ARTERIAL,1839.7772412971347
segment_524,19.158852086737816,72.89851440752422,42.98738741314036,63.871056798467585,0.3269660849862167,SLOW,0.8504727099753845,2025-10-02T21:06:07.024565,LOCAL,1783.5775270950955
segment_525,18.982594505680243,73.09497043430827,20.758575190991763,72.1056124941172,0.7121087461439237,CONGESTED,0.9991713699710808,2025-10-02T21:06:07.024565,HIGHWAY,1804.9951450027706
segment_526,19.161504824111436,73.18935304766593,30.57552346395352,73.89551722285495,0.5862330407439533,SLOW,0.7187182205794831,2025-10-02T21:06:07.024565,LOCAL,927.2479277338977
segment_527,19.066303867273994,73.06772344366475,54.054120679110945,52.24205854091152,-0.03468588698089614,FLOWING,0.8655631409263557,2025-10-02T21:06:07.024565,ARTERIAL,234.96628918360403
segment_528,18.98853310265101,72.89174631081507,30.800896607616828,50.742486698145704,0.3929959169946948,SLOW,0.7302934320453283,2025-10-02T21:06:07.024565,LOCAL,379.82357074897277
segment_529,19.308692255123166,73.1037170027674,58.22688058982591,57.58961946031634,-0.011065555485197942,FLOWING,0.783510544498797,2025-10-02T21:06:07.024565,LOCAL,719.8824442781789
segment_530,19.025741016956246,72.89300239688313,12.132343802332944,50.25852244067064,0.7586012637626787,CONGESTED,0.8065959245421663,2025-10-02T21:06:07.024565,HIGHWAY,674.7101554190605
segment_531,19.309656776401496,72.8680461669237,54.40309351742793,71.07213328559553,0.23453692745066335,FLOWING,0.7229439866497939,2025-10-02T21:06:07.024565,LOCAL,615.59533072412
segment_532,18.941404829349413,73.13172569365031,43.867154352273495,64.68875223511603,0.32187354313412786,SLOW,0.7467942591096799,2025-10-02T21:06:07.024565,ARTERIAL,1583.0564510857062
segment_533,19.027522054020412,72.92467593140601,5.1727498326467165,46.969736065815184,0.8898705791022856,CONGESTED,0.9626216875365503,2025-10-02T21:06:07.025065,HIGHWAY,973.2097087058838
segment_534,19.028714656577982,73.12895248447414,8.133829984855256,56.7442909967332,0.8566581793166906,CONGESTED,0.8375294272394314,2025-10-02T21:06:07.025065,HIGHWAY,759.4185001488505
segment_535,19.12983975857667,73.1967091523917,41.53109421894821,47.96983817633256,0.13422484215427488,FLOWING,0.7134884324774653,2025-10-02T21:06:07.025065,LOCAL,1696.2053490344797
segment_536,19.315569475005326,73.15580772441751,25.430699444340725,47.806660688746014,0.468051123463487,SLOW,0.8468177612219766,2025-10-02T21:06:07.025065,HIGHWAY,1035.8812344312655
segment_537,19.10293596259174,73.13529216843273,24.87720784869525,74.39178699246582,0.6655920115050504,CONGESTED,0.8220414402855171,2025-10-02T21:06:07.025065,LOCAL,1427.2081878973604
segment_538,19.074781054409055,73.00554029383063,54.68139079066408,75.59534905893946,0.27665667965855123,FLOWING,0.9453568916965088,2025-10-02T21:06:07.025065,ARTERIAL,1178.6819040690036
segment_539,19.143312075998015,72.9958497848201,40.46098867172502,49.19306903190474,0.17750631404022443,FLOWING,0.8657986803330244,2025-10-02T21:06:07.025065,HIGHWAY,1509.0449769583925
segment_540,19.01735467135395,72.8526614355173,52.008689755125864,46.61209144551845,-0.1157767897180737,FLOWING,0.9562782366992006,2025-10-02T21:06:07.025065,LOCAL,447.3917817507525
segment_541,19.24679859965548,72.91428302706436,55.991808002544715,78.79706101380764,0.28941755844506367,FLOWING,0.8713781409811292,2025-10-02T21:06:07.025065,HIGHWAY,1592.7218967053418
segment_542,19.006175346486625,73.1755579840165,54.169186277582845,53.499213026995925,-0.012523048708190432,FLOWING,0.9188391309494991,2025-10-02T21:06:07.025065,HIGHWAY,1612.2601355726545
segment_543,18.973551718854747,73.069105845765,17.12773448896059,48.72830138208689,0.6485054064442117,CONGESTED,0.9622215319915555,2025-10-02T21:06:07.025065,LOCAL,1218.9728423965719
segment_544,19.215703992249626,73.04939113220772,38.015480329042035,42.14057851652173,0.09788897857352385,FLOWING,0.8129590863367895,2025-10-02T21:06:07.025065,HIGHWAY,388.89227810653443
segment_545,19.092495909726782,72.94048775493951,10.157708944135907,59.44521940859696,0.8291248809375763,CONGESTED,0.9762218951027906,2025-10-02T21:06:07.025065,HIGHWAY,1894.864891125081
segment_546,19.15617545461034,73.16980898749276,48.21969550076052,63.59791531207235,0.24180383485608825,FLOWING,0.7019305634490387,2025-10-02T21:06:07.025065,HIGHWAY,1434.7278490180909
segment_547,19.158406534378614,73.10416972467299,33.210719062612114,68.16333085285356,0.512777344547537,SLOW,0.980551626017948,2025-10-02T21:06:07.025065,ARTERIAL,855.9448357331116
segment_548,19.2475722819551,72.868283345325,6.675502746992807,48.177934898570925,0.8614406623893957,CONGESTED,0.8021234668342778,2025-10-02T21:06:07.025065,LOCAL,1268.7453670282796
segment_549,19.28245440123006,73.00394160382018,32.57016045441512,42.009720392919284,0.22469942313863156,FLOWING,0.7104734657968671,2025-10-02T21:06:07.025065,HIGHWAY,1720.6657911281238
segment_550,19.28992107236725,73.19855931747162,48.78040713350058,70.14936281712018,0.3046208094481,SLOW,0.7646502276602652,2025-10-02T21:06:07.025565,LOCAL,984.7968293483311
segment_551,19.224820040068543,73.16598634603119,15.402650501264153,76.89469938680412,0.799691648135796,CONGESTED,0.9086873957062174,2025-10-02T21:06:07.025565,LOCAL,1622.746974823612
segment_552,19.06467930229992,73.10030785968442,11.901746323953287,70.91085678660316,0.8321590393447083,CONGESTED,0.7710799974719945,2025-10-02T21:06:07.025565,HIGHWAY,1727.3374652488899
segment_553,19.250727697091108,73.17094207223452,25.123719525628424,52.72198290203675,0.5234678564288626,SLOW,0.9248278017942426,2025-10-02T21:06:07.025565,LOCAL,1096.9977115567212
segment_554,19.225602501770677,72.8937702400046,23.979606003227854,41.204154888452756,0.41802941795202286,SLOW,0.9884476973722336,2025-10-02T21:06:07.025565,LOCAL,178.84841764785094
segment_555,19.167579774346265,73.0389169681414,40.93609241632743,47.692395841345096,0.14166416481766564,FLOWING,0.7886963624837455,2025-10-02T21:06:07.025565,ARTERIAL,1899.606779510471
segment_556,19.27163914943232,73.09562679037575,20.26055738487247,51.26464168422527,0.6047849605646052,CONGESTED,0.9890080961338114,2025-10-02T21:06:07.025565,ARTERIAL,1460.4949491600746
segment_557,19.19662338827321,73.04907581637993,59.455986534777615,52.47517743054901,-0.1330306908150567,FLOWING,0.8019915591379744,2025-10-02T21:06:07.025565,LOCAL,1714.1150094270124
segment_558,18.937375680239665,73.19667842934898,34.75515944102143,79.39382975868375,0.5622435704807391,SLOW,0.9816989266257933,2025-10-02T21:06:07.025565,ARTERIAL,1864.3980680192487
segment_559,18.925959553489474,72.83694421124454,13.953504406342615,63.80851336507499,0.7813222143805667,CONGESTED,0.7451416813017993,2025-10-02T21:06:07.025565,ARTERIAL,952.679727589768
segment_560,19.283557725777012,72.87575736715394,5.276460393539171,42.4038564151268,0.8755664970213207,CONGESTED,0.9714299025040354,2025-10-02T21:06:07.025565,ARTERIAL,436.6657519212631
segment_561,19.023592029387586,72.84591877090051,56.78431006564426,71.36824697461067,0.20434769701089417,FLOWING,0.8387173530737622,2025-10-02T21:06:07.025565,HIGHWAY,1360.6948284355594
segment_562,19.07270294533067,72.96096250371973,53.652278852628754,75.82251392527354,0.2923964654415777,FLOWING,0.9727525792160757,2025-10-02T21:06:07.025565,LOCAL,667.8285569921585
segment_563,18.944964014992756,72.97602321860376,45.134154857358226,77.60883222285139,0.41844048461189465,SLOW,0.8811390975787288,2025-10-02T21:06:07.025565,HIGHWAY,1662.7398336514314
segment_564,18.972804082249617,72.99432697156506,11.430794453896532,67.2861264624654,0.8301166220309466,CONGESTED,0.9849699004738228,2025-10-02T21:06:07.025565,ARTERIAL,1232.5557149527813
segment_565,19.082214447599203,72.86576221163155,11.412069100563318,61.8678272828852,0.8155411366172173,CONGESTED,0.970723909985831,2025-10-02T21:06:07.025565,LOCAL,128.8360763449711
segment_566,19.144195184344447,72.84234129435116,53.016066671634384,60.92572082788661,0.12982454780628316,FLOWING,0.9099069727176126,2025-10-02T21:06:07.025565,ARTERIAL,1165.1016371019925
segment_567,19.295916854325984,72.83309361584946,18.96657745580329,71.19953307642177,0.7336137382327272,CONGESTED,0.7296211620647998,2025-10-02T21:06:07.025565,HIGHWAY,981.565226517086
segment_568,18.949857820113827,73.19222729082429,16.80827381048455,42.689367203622446,0.6062655665446766,CONGESTED,0.8784542138505729,2025-10-02T21:06:07.026065,HIGHWAY,1429.4398915890047
segment_569,19.15911649150149,73.14538629213659,17.268413384851627,74.92435371056911,0.7695220241530668,CONGESTED,0.9368476895272158,2025-10-02T21:06:07.026065,LOCAL,1166.3857883423557
segment_570,19.003422547607652,72.96941916639676,48.64638599963409,41.27113937429298,-0.178702278084792,FLOWING,0.9346152307791274,2025-10-02T21:06:07.026065,LOCAL,374.18748137104575
segment_571,18.948594553635726,72.81090000478032,33.79725668717991,48.73039490774918,0.306444022233741,SLOW,0.9968295297338894,2025-10-02T21:06:07.026065,HIGHWAY,580.4304246752113
segment_572,19.14260533682466,72.94368349879308,50.29537246365005,72.82784643067117,0.30939366013618186,SLOW,0.8432051194367204,2025-10-02T21:06:07.026065,HIGHWAY,1608.465833133933
segment_573,18.966487638044356,72.82071435549312,35.652081642286966,46.241432453599074,0.22900135764474827,FLOWING,0.9503772857785816,2025-10-02T21:06:07.026065,ARTERIAL,1834.4956449994932
segment_574,19.13758903229922,72.87306895369586,12.677937704789006,63.05889750231016,0.7989508506024142,CONGESTED,0.9285650835587331,2025-10-02T21:06:07.026065,HIGHWAY,972.3356442446938
segment_575,19.0273800741567,73.17302195136773,11.525407115786917,77.3499769200588,0.8509966314831816,CONGESTED,0.9051599355506029,2025-10-02T21:06:07.026065,HIGHWAY,1243.1961116347627
segment_576,19.293585756866264,72.92472085478231,18.73746893455859,66.16640617144394,0.7168129566232162,CONGESTED,0.8857717096160744,2025-10-02T21:06:07.026065,HIGHWAY,1863.3934874685945
segment_577,19.254842177545648,72.88959301834603,18.152839998898777,60.492013875483224,0.6999134458266741,CONGESTED,0.932071630519216,2025-10-02T21:06:07.026065,LOCAL,1357.3776916961133
segment_578,18.932257280292056,72.94186648199403,35.28648586924683,56.128310245330084,0.37132463608803024,SLOW,0.9500932031425517,2025-10-02T21:06:07.026065,HIGHWAY,932.535761666075
segment_579,19.27768935074837,73.18490457864367,29.426338557298276,70.00113648568765,0.5796305598079147,SLOW,0.8594983071293449,2025-10-02T21:06:07.026065,ARTERIAL,628.3890786260772
segment_580,18.991121623262828,72.91520213836962,35.598040399139364,41.16620744088356,0.13526062729340138,FLOWING,0.9721746833069218,2025-10-02T21:06:07.026065,HIGHWAY,518.1684860556345
segment_581,19.117675994108012,73.08404590653491,10.265098010941852,52.70778790188649,0.8052451370175138,CONGESTED,0.9906023816723071,2025-10-02T21:06:07.026065,LOCAL,1920.4242169469242
segment_582,18.992587321783073,73.15447270885174,56.38672627921196,76.65682178128264,0.264426505444034,FLOWING,0.8906243070585729,2025-10-02T21:06:07.026065,HIGHWAY,642.8292286850526
segment_583,18.93837712404137,72.92593033174066,7.367882149361771,71.23855454577742,0.8965745136697402,CONGESTED,0.8194683381874035,2025-10-02T21:06:07.026065,ARTERIAL,1666.4958834486433
segment_584,18.961503227773182,73.13317188622969,34.7163092484669,73.78663636360898,0.529504108611343,SLOW,0.8293905119023044,2025-10-02T21:06:07.026065,HIGHWAY,1838.6153917827226
segment_585,19.005491092370328,73.13768493011446,31.621131488017227,60.563817702050386,0.47788741384203237,SLOW,0.7925404844468452,2025-10-02T21:06:07.026065,ARTERIAL,717.9012729248014
segment_586,18.91649315398149,72.90879944213773,5.350847387362487,79.13419148227428,0.932382611269099,CONGESTED,0.9897241629459242,2025-10-02T21:06:07.026565,HIGHWAY,1483.9046232453275
segment_587,19.04523856133238,73.0684372628344,49.29865236752885,77.87024978768963,0.36691287748607704,SLOW,0.8200636827549016,2025-10-02T21:06:07.026565,LOCAL,605.2640562010257
segment_588,19.315939567593333,72.81030783950574,38.19408435756165,66.38023926605308,0.4246166512826334,SLOW,0.9064136671222387,2025-10-02T21:06:07.026565,HIGHWAY,678.5358122230066
segment_589,18.98320011702252,72.82627684659586,53.79156244730341,56.793947907452704,0.052864531711050655,FLOWING,0.8490686555500147,2025-10-02T21:06:07.026565,LOCAL,892.6674952726953
segment_590,18.967294752410133,72.86837456096833,27.99796334895398,70.29131913102003,0.6016867559880763,CONGESTED,0.9693893940543366,2025-10-02T21:06:07.026565,HIGHWAY,1411.7708716310367
segment_591,19.043028830901555,73.12198549215971,7.881521257717367,46.38499605728669,0.8300846841081224,CONGESTED,0.8006869818933735,2025-10-02T21:06:07.026565,ARTERIAL,544.2443828768219
segment_592,18.909957256530696,73.13397888227776,58.607982782670334,45.41838147178763,-0.29040227510255145,FLOWING,0.7694425641295894,2025-10-02T21:06:07.026565,ARTERIAL,1860.2812161167512
segment_593,19.076243500778858,72.82024898890762,7.166550853105067,62.95799464276042,0.886169327759407,CONGESTED,0.8178685326679537,2025-10-02T21:06:07.026565,HIGHWAY,1489.1989544643427
segment_594,19.297637534772957,73.11264619167856,22.253858162863587,49.91493434913694,0.5541643307150144,SLOW,0.9093148922659879,2025-10-02T21:06:07.026565,HIGHWAY,1175.8085299299714
segment_595,18.902628137831115,72.82475428067218,34.44523676499082,62.64286585792661,0.45013312700104957,SLOW,0.9254358833378031,2025-10-02T21:06:07.026565,LOCAL,811.9717439640152
segment_596,19.130944796366006,72.82022924152969,28.43666808737269,73.2945415864398,0.6120220213965599,CONGESTED,0.9416946416090026,2025-10-02T21:06:07.026565,HIGHWAY,703.3537017520533
segment_597,19.00894312831214,72.83503651896238,9.945393467283626,47.72997660936673,0.791632131968573,CONGESTED,0.7151677563878617,2025-10-02T21:06:07.026565,LOCAL,1754.3080653691347
segment_598,18.93508046416561,72.88445037702321,46.38575856725719,42.05175395924862,-0.10306358712667607,FLOWING,0.8477606142142867,2025-10-02T21:06:07.026565,HIGHWAY,1482.3055374276805
segment_599,19.103444297952358,73.07752222278697,35.40193024184707,48.65002112746116,0.2723141856589252,FLOWING,0.7625765103223152,2025-10-02T21:06:07.026565,HIGHWAY,1544.3057666013021
segment_600,18.964637959971384,72.85969978789659,19.74959022597023,54.44298905364149,0.6372427273140461,CONGESTED,0.8225366744225447,2025-10-02T21:06:07.026565,ARTERIAL,207.69282111508727
segment_601,18.914562535774948,72.95676422517757,43.34400306758893,47.737413718259305,0.09203285868396172,FLOWING,0.8924513443768755,2025-10-02T21:06:07.026565,HIGHWAY,755.1534547177225
segment_602,19.041670600743515,72.92476476221468,11.716133375835836,44.4454858932805,0.7363931760366436,CONGESTED,0.8944315103602369,2025-10-02T21:06:07.026565,LOCAL,1601.9889695161796
segment_603,18.959265189488967,73.01823284871682,10.8075350287152,41.8117857445231,0.7415194104659624,CONGESTED,0.8969157578154301,2025-10-02T21:06:07.026565,LOCAL,784.9015597689523
segment_604,19.181933746596236,72.9082575767927,9.467629914366997,79.70327181951053,0.8812140367862613,CONGESTED,0.7468604523791798,2025-10-02T21:06:07.027065,LOCAL,322.8322808208456
segment_605,18.97100594694468,72.94072200256414,46.892173191751446,60.28329696241067,0.22213655266746912,FLOWING,0.8913705623658884,2025-10-02T21:06:07.027065,LOCAL,988.5943037212663
segment_606,19.16014378713393,72.9644761903478,28.511754974964738,53.21138670008338,0.46417944084663254,SLOW,0.8692695450053608,2025-10-02T21:06:07.027065,ARTERIAL,144.71173938678766
segment_607,19.080441602836675,72.91157523042939,12.10459448837107,43.981860512351005,0.7247821181877503,CONGESTED,0.8809576496844003,2025-10-02T21:06:07.027065,LOCAL,1654.9228070811168
segment_608,18.91685832081585,73.15596535054515,59.55795109812538,51.76269848707111,-0.15059594725343195,FLOWING,0.7630955668857381,2025-10-02T21:06:07.027065,ARTERIAL,1603.780727690086
segment_609,19.15303732889545,73.0046554330076,8.355392865296718,51.51325195406423,0.8378010987784765,CONGESTED,0.727981434033451,2025-10-02T21:06:07.027065,LOCAL,1709.0857264150104
segment_610,19.036218338487636,73.07059349980824,37.683300501972845,64.12600480491788,0.41235539908323005,SLOW,0.9047597378613165,2025-10-02T21:06:07.027065,ARTERIAL,915.2185016750653
segment_611,19.01588753163983,73.10743253236528,17.44498365017524,67.69417224617656,0.742297112567758,CONGESTED,0.7699998467947979,2025-10-02T21:06:07.027065,HIGHWAY,1356.1672890145232
segment_612,19.173938848315625,72.90043204146606,40.77338868531254,48.49335897147565,0.15919644359352558,FLOWING,0.7366022240730666,2025-10-02T21:06:07.027065,ARTERIAL,185.4939603473063
segment_613,19.208343528797492,72.93652745838001,31.31906034557374,77.15438199382262,0.5940728246895776,SLOW,0.7995914514207536,2025-10-02T21:06:07.027065,ARTERIAL,125.9965880452941
segment_614,18.93427146240203,72.90343663645392,6.531873245159092,65.25501304193004,0.8999023532343485,CONGESTED,0.8279195070404868,2025-10-02T21:06:07.027065,ARTERIAL,662.2708559295706
segment_615,19.178806279438145,73.18612108945216,7.772922548121506,75.61537283421065,0.8972044670709498,CONGESTED,0.8730643603933625,2025-10-02T21:06:07.027065,HIGHWAY,146.89989872671077
segment_616,19.052356512167645,73.01867853131854,51.19011937119186,45.09942720560985,-0.135050321987779,FLOWING,0.9400619043050737,2025-10-02T21:06:07.027065,ARTERIAL,872.5220209829973
segment_617,18.96017821265511,73.08588753340082,21.13443817925554,61.01881229423573,0.6536406169732667,CONGESTED,0.909349835651551,2025-10-02T21:06:07.027065,HIGHWAY,684.9841258308738
segment_618,19.251762950311942,73.04579431100466,36.96574830465261,50.14542222056153,0.26282905462315076,FLOWING,0.926900280874866,2025-10-02T21:06:07.027065,LOCAL,1856.1454345098564
segment_619,19.0368458535236,72.851109861116,29.330159320633033,41.69879637026133,0.29661856279500043,FLOWING,0.9053878582794899,2025-10-02T21:06:07.027065,HIGHWAY,1363.6063791125991
segment_620,19.133762939970904,72.93709237017116,12.401694690725925,43.77675590641924,0.7167059451084772,CONGESTED,0.9494554999336671,2025-10-02T21:06:07.027065,LOCAL,1048.0451221361554
segment_621,19.033670057382004,73.15770604730257,40.46965979107958,51.53006308669474,0.2146398167028637,FLOWING,0.7896348613162755,2025-10-02T21:06:07.027065,LOCAL,100.05836580622659
segment_622,19.199097559269855,72.94263847039448,18.996473239004313,40.515898791581016,0.5311353368532039,SLOW,0.8620898220284499,2025-10-02T21:06:07.027565,HIGHWAY,1919.500127917917
segment_623,19.13761287925758,73.00578453109596,9.67810120190826,61.95491206170399,0.8437879922697759,CONGESTED,0.8139937236896184,2025-10-02T21:06:07.027565,HIGHWAY,1978.7875096394125
segment_624,18.994805644012434,72.95595989851643,31.402605752054708,45.52061948080207,0.3101454657202438,SLOW,0.724311583139517,2025-10-02T21:06:07.027565,LOCAL,1975.9387013011374
segment_625,19.086523493900778,73.01274870660201,53.04901908054684,79.82275601962752,0.33541484000498956,SLOW,0.8748143348034044,2025-10-02T21:06:07.027565,HIGHWAY,708.0519014685447
segment_626,19.100113733920548,72.92732163787694,31.8969676419191,74.38225587671747,0.5711750434836806,SLOW,0.8776904113186287,2025-10-02T21:06:07.027565,LOCAL,792.8742848452395
segment_627,19.210172468974417,73.06664683395175,11.575909876363106,62.90571412462339,0.815979994227076,CONGESTED,0.7770230488929274,2025-10-02T21:06:07.027565,LOCAL,1758.4329009747626
segment_628,19.10998277662521,73.09209967581182,39.05450044512102,47.465597591907304,0.177204071443532,FLOWING,0.7077068934608224,2025-10-02T21:06:07.027565,ARTERIAL,684.306611431867
segment_629,19.106662885540608,73.11860340788948,17.789773239147024,49.04132787154609,0.6372493565887172,CONGESTED,0.8653152859884796,2025-10-02T21:06:07.027565,ARTERIAL,305.28466281517353
segment_630,19.10096624944502,73.03422549151732,34.7755931499091,43.44128628131773,0.19948058340840102,FLOWING,0.7171080742010858,2025-10-02T21:06:07.027565,LOCAL,1953.3987537966416
segment_631,19.099149004434235,72.82667755256217,7.645077072661949,51.82660157086477,0.8524873937140466,CONGESTED,0.9797633768057352,2025-10-02T21:06:07.027565,ARTERIAL,1046.4468927412804
segment_632,19.18951037308313,72.90092477082787,21.9273997911232,64.54551611957535,0.6602800456270105,CONGESTED,0.969380588033121,2025-10-02T21:06:07.027565,LOCAL,357.80780380533065
segment_633,19.275326806405378,72.82985537243177,54.9254488247632,79.8626262515593,0.31225090630311214,SLOW,0.9101295397469511,2025-10-02T21:06:07.027565,ARTERIAL,1157.282810962762
segment_634,19.050621064420508,73.16453567603145,6.151376480470329,52.63092604997984,0.8831223969985098,CONGESTED,0.7170644193332939,2025-10-02T21:06:07.027565,HIGHWAY,1683.0882775336813
segment_635,19.02726735293245,73.18661900662083,39.54657421839645,77.22569905407839,0.48790914549438524,SLOW,0.9028315077443055,2025-10-02T21:06:07.027565,ARTERIAL,883.3314828801646
segment_636,19.292586564505086,72.90035163995628,11.624603699811098,63.38172453037833,0.8165937612783079,CONGESTED,0.9907965436852537,2025-10-02T21:06:07.028065,ARTERIAL,1649.9618688067037
segment_637,19.096025799382538,72.83068913074115,14.1328886814845,42.444186704785295,0.6670241609343615,CONGESTED,0.8497908838042976,2025-10-02T21:06:07.028065,LOCAL,958.3050043647432
segment_638,19.048985993826687,72.96028166673379,11.333039811736063,75.33094405704895,0.8495566469583412,CONGESTED,0.8244476966564056,2025-10-02T21:06:07.028065,ARTERIAL,1266.5609669194482
segment_639,19.158899834496186,72.98297722234796,26.832138511386106,58.2153254192243,0.5390880611220392,SLOW,0.8244881308239042,2025-10-02T21:06:07.028065,LOCAL,1332.6542337028334
segment_640,19.300917690120702,72.86057292574799,31.257890421419454,64.07226935781789,0.5121463507581308,SLOW,0.874520994226356,2025-10-02T21:06:07.028065,ARTERIAL,1749.5216611203577
segment_641,19.024891843149558,72.86501519498748,42.15917202790338,41.52345202397277,-0.015309902547687715,FLOWING,0.8859905694622492,2025-10-02T21:06:07.028065,ARTERIAL,211.2740800406143
segment_642,19.13199377788324,73.03809189308777,52.9552183704278,63.079264496707275,0.16049721262694727,FLOWING,0.8036442561170337,2025-10-02T21:06:07.028065,LOCAL,661.3890567908427
segment_643,19.122587543228995,73.0713567542012,37.60240174786016,45.93441349158067,0.18138931381474332,FLOWING,0.7516258097357879,2025-10-02T21:06:07.028065,HIGHWAY,372.5919683342381
segment_644,18.96360711921285,72.97310859373673,37.76239032888412,43.22461620678407,0.1263684066451619,FLOWING,0.9818705767075497,2025-10-02T21:06:07.028065,ARTERIAL,992.8392068638311
segment_645,19.11104616826731,72.88030838990267,22.325570480720238,71.65639002027902,0.6884357351186402,CONGESTED,0.9747364718362381,2025-10-02T21:06:07.028065,ARTERIAL,683.2473361971346
segment_646,18.98198280912019,73.07139646746023,22.77048359164855,79.50998156396754,0.7136147796320492,CONGESTED,0.7977054406191859,2025-10-02T21:06:07.028065,ARTERIAL,1471.925521987192
segment_647,18.91691991788676,72.96216913005566,33.395581455872076,63.225809036385364,0.471804600607744,SLOW,0.9807811744745678,2025-10-02T21:06:07.028065,HIGHWAY,1800.624048817367
segment_648,18.962639146894688,73.11437011048356,38.98623579154639,53.673891419923685,0.27364618513434735,FLOWING,0.9621624866563054,2025-10-02T21:06:07.028065,LOCAL,530.712238942355
segment_649,19.138094974424806,72.94061690401988,38.57076224250802,40.96440773634667,0.05843232274330756,FLOWING,0.7349376791445137,2025-10-02T21:06:07.028065,ARTERIAL,1238.9761653515616
segment_650,19.279009375966485,72.9532861463789,16.898302769695487,57.703093837312615,0.7071508363600338,CONGESTED,0.7145088133146342,2025-10-02T21:06:07.028065,ARTERIAL,938.1860492382015
segment_651,18.983752871058584,72.90578872666687,32.69508398315374,42.7243609889409,0.23474375680851534,FLOWING,0.7654522988779819,2025-10-02T21:06:07.028065,LOCAL,1299.7717059077393
segment_652,19.229450298749374,73.0394251972871,27.77775875186164,78.3178343970455,0.6453201372877907,CONGESTED,0.8623341474636534,2025-10-02T21:06:07.028065,LOCAL,1288.7364999118254
segment_653,19.140075212782836,72.8739353591788,8.277290354422904,64.17437278859084,0.871018757258591,CONGESTED,0.9291076808050962,2025-10-02T21:06:07.028065,LOCAL,530.8679881073268
segment_654,19.179939230211076,72.83204229064384,29.300853764107504,46.53467033593681,0.37034358355645935,SLOW,0.755337715317965,2025-10-02T21:06:07.028565,HIGHWAY,834.7434083835581
segment_655,18.921483086360567,72.95911737637164,33.14390959130854,59.331771398653004,0.4413800766437086,SLOW,0.8148352301209121,2025-10-02T21:06:07.028565,LOCAL,468.90945118755633
segment_656,19.099262655320707,72.80293366033447,6.419516607474995,62.13162558492,0.8966787598579574,CONGESTED,0.8561348212495857,2025-10-02T21:06:07.028565,LOCAL,1768.2636744044682
segment_657,19.13430694377723,73.18391640816195,7.678216661996137,43.92030739122964,0.8251784398137116,CONGESTED,0.7132197584711144,2025-10-02T21:06:07.028565,HIGHWAY,1815.2511971325666
segment_658,19.12045799442485,72.98047727658029,23.17153105160891,63.56858457391422,0.6354876987285085,CONGESTED,0.8362835190369468,2025-10-02T21:06:07.028565,HIGHWAY,246.65630743028913
segment_659,18.971352570752003,72.85077776550199,11.780607861442077,60.742467546629356,0.8060564817786071,CONGESTED,0.77375423274802,2025-10-02T21:06:07.028565,HIGHWAY,212.30105966374362
segment_660,19.19010505234757,73.09151448890263,7.583514510397689,77.12207000915393,0.9016686856369704,CONGESTED,0.7273421918334032,2025-10-02T21:06:07.028565,ARTERIAL,1377.5406443175384
segment_661,18.97134648964988,72.8221663553769,23.21305690402824,70.63886299420716,0.6713840523462014,CONGESTED,0.8241036036955781,2025-10-02T21:06:07.028565,HIGHWAY,142.21511584860278
segment_662,19.315186794559196,72.81657123552775,58.229150570666675,61.99456713457593,0.06073784749130362,FLOWING,0.9889477081195199,2025-10-02T21:06:07.028565,LOCAL,846.9795460386289
segment_663,18.999508077436623,72.83878626838617,14.846740059287109,71.90056181185943,0.7935100966507572,CONGESTED,0.9032637415551328,2025-10-02T21:06:07.028565,LOCAL,313.4925157030727
segment_664,19.039434318001735,73.1126530232213,29.03783370132032,65.10981659589345,0.5540175780014136,SLOW,0.8942373822236638,2025-10-02T21:06:07.028565,LOCAL,1985.7777783077456
segment_665,19.001081616198004,73.14972293365483,50.68425182374852,48.986295905670666,-0.034661855661580976,FLOWING,0.8197997740597668,2025-10-02T21:06:07.028565,LOCAL,1505.3975057499053
segment_666,19.157155821591427,72.80667032539593,15.712542372797422,72.41872868861864,0.783032060113107,CONGESTED,0.7817951941937453,2025-10-02T21:06:07.028565,LOCAL,807.0284089592275
segment_667,19.119191417826336,72.82718931992775,14.967405857734025,78.28787854076938,0.8088157945174161,CONGESTED,0.9670414160340741,2025-10-02T21:06:07.028565,LOCAL,890.0552792349808
segment_668,19.13040713432297,72.96109579389874,33.57864216916541,79.86105235194476,0.5795366930404879,SLOW,0.7405651941138564,2025-10-02T21:06:07.028565,LOCAL,852.4018361326689
segment_669,18.955864115541075,72.86349470534972,57.21002084350893,75.18405986847048,0.23906715142020718,FLOWING,0.9721125881245065,2025-10-02T21:06:07.028565,HIGHWAY,877.2617824062648
segment_670,19.048838416854174,72.92113195559149,45.198379282721426,68.02902085137055,0.3356015018726991,SLOW,0.8767060272942735,2025-10-02T21:06:07.028565,HIGHWAY,1228.1832006925592
segment_671,19.141749240028833,72.8645831336257,30.945691063514147,62.138871048393995,0.5019914179095155,SLOW,0.8710860816194171,2025-10-02T21:06:07.029065,ARTERIAL,231.39177866515234
segment_672,19.247549471486984,72.90181621716866,31.01651268386614,41.73261093017248,0.25677996193999575,FLOWING,0.9098018398757929,2025-10-02T21:06:07.029065,LOCAL,1420.4109267517906
segment_673,19.13830419654555,73.11849744378256,45.42638524044028,64.40431688144939,0.29466862719687337,FLOWING,0.8464533025932441,2025-10-02T21:06:07.029065,LOCAL,702.8804070989244
segment_674,19.283023025363846,72.82437148868829,43.170957775815815,47.310046639497436,0.08748858134132653,FLOWING,0.795713522299672,2025-10-02T21:06:07.029065,HIGHWAY,1042.8545216115465
segment_675,19.019962915196142,73.09384332028422,6.317044589876592,63.393112452231634,0.900351247233102,CONGESTED,0.9824422712518196,2025-10-02T21:06:07.029065,LOCAL,1190.3161361525506
segment_676,18.925578811901786,72.81237235255742,44.292775580877375,54.46588379364178,0.1867794572343282,FLOWING,0.737612604770162,2025-10-02T21:06:07.029065,LOCAL,1803.4918510911193
segment_677,18.982443606970648,72.80902580468214,52.39156865845055,63.08468329551626,0.16950413441840517,FLOWING,0.9671975366385528,2025-10-02T21:06:07.029065,ARTERIAL,1291.2400256045614
segment_678,19.239525850567688,73.044658567756,21.266115942726138,50.229748061932014,0.5766230816745178,SLOW,0.7982262876200343,2025-10-02T21:06:07.029065,HIGHWAY,610.7154685573765
segment_679,18.98343072229691,72.89874281103829,21.852849714307002,62.20535147012754,0.648698235797265,CONGESTED,0.8763974888391498,2025-10-02T21:06:07.029065,ARTERIAL,228.01605589165888
segment_680,19.24924713026182,72.87093062128957,44.76893998273179,70.90683952512666,0.36862310769234896,SLOW,0.9144698602273941,2025-10-02T21:06:07.029065,ARTERIAL,638.240366635897
segment_681,19.068131391192658,73.12474644960416,5.7624174752073065,65.9751528094649,0.9126577623571548,CONGESTED,0.9006629593122055,2025-10-02T21:06:07.029065,HIGHWAY,657.7161056714548
segment_682,19.011719031098917,72.93311234758431,35.65727303728029,68.28061177090363,0.47778333977266885,SLOW,0.8987703753216355,2025-10-02T21:06:07.029065,LOCAL,1359.75168707398
segment_683,19.18520797388817,73.17269616132661,59.83221795764183,68.80629843723761,0.13042527622353617,FLOWING,0.7861663627615452,2025-10-02T21:06:07.029065,LOCAL,193.51973762744706
segment_684,18.99705395820729,73.15895428698549,19.090533294164523,48.826042384869936,0.6090092016124526,CONGESTED,0.7414375879420741,2025-10-02T21:06:07.029065,HIGHWAY,497.965962068071
segment_685,19.07483036788892,72.94262853038033,55.144923230202664,41.61155782938168,-0.3252309239733666,FLOWING,0.8536644123031154,2025-10-02T21:06:07.029065,ARTERIAL,880.2970027195374
segment_686,18.988069916520683,73.19062440932916,40.508141738212636,77.38175522862062,0.4765155995940734,SLOW,0.7910156630887399,2025-10-02T21:06:07.029065,LOCAL,1783.9476112658635
segment_687,18.963575891930574,72.86075446893464,23.070698243718915,42.178641894673504,0.4530241561278818,SLOW,0.754737412195747,2025-10-02T21:06:07.029065,HIGHWAY,1485.6886209066918
segment_688,19.141525440852703,72.88272715725336,32.74507679181454,52.48758946276517,0.37613677581737714,SLOW,0.8282399584500066,2025-10-02T21:06:07.029065,ARTERIAL,695.2063055031597
segment_689,19.167148736547933,72.95931221963562,5.3748083845070465,60.93628740269887,0.9117962610851642,CONGESTED,0.9764540175722254,2025-10-02T21:06:07.029565,HIGHWAY,803.4411528006958
segment_690,19.215537148236983,73.15879811574577,51.53683157916274,47.312535541569034,-0.08928492183392311,FLOWING,0.9868875644540084,2025-10-02T21:06:07.029565,LOCAL,148.58261827049586
segment_691,19.23094745610819,73.16129924203806,19.70784031596592,72.49562896744604,0.7281513299951412,CONGESTED,0.7247217915585844,2025-10-02T21:06:07.029565,LOCAL,1763.4284357522033
segment_692,19.027035853333818,73.14347924849783,52.14770155533851,70.58603801539493,0.2612178977382892,FLOWING,0.7440085342045544,2025-10-02T21:06:07.029565,ARTERIAL,1895.5457227030806
segment_693,19.186667001082206,72.93264673964313,32.53186245869572,65.82900173404215,0.5058126114363888,SLOW,0.853171122618551,2025-10-02T21:06:07.029565,LOCAL,681.4896158346659
segment_694,18.926747602351057,72.8708508576793,5.282679517205817,57.816380844231475,0.9086300553568308,CONGESTED,0.7252766132253914,2025-10-02T21:06:07.029565,ARTERIAL,1358.3961035883679
segment_695,19.215766561301805,73.12477849385516,57.01623362242616,52.516781921152905,-0.0856764549668827,FLOWING,0.9575519363654663,2025-10-02T21:06:07.029565,HIGHWAY,1974.46991681738
segment_696,19.151092794475186,72.83278629385747,40.57604759095095,64.99918993504141,0.3757453341879853,SLOW,0.8915051732261295,2025-10-02T21:06:07.029565,HIGHWAY,201.9061038895786
segment_697,19.201335296057003,72.9901902860931,51.700391097727184,55.335885642330354,0.06569867821582531,FLOWING,0.7504835765523138,2025-10-02T21:06:07.029565,LOCAL,1385.6248061577103
segment_698,19.167139883782433,72.96071725404377,36.78053843312897,52.314965010974696,0.29694039888179025,FLOWING,0.8431600238253883,2025-10-02T21:06:07.029565,HIGHWAY,1964.3590351653781
segment_699,19.291645347907718,73.1735463771385,27.122305416591182,58.75159522027164,0.5383562724568727,SLOW,0.9116906189106945,2025-10-02T21:06:07.029565,HIGHWAY,789.6673967673561
segment_700,19.269297413585942,73.09014864009394,11.192475659105696,56.311121376246504,0.8012386295005133,CONGESTED,0.9659141085880425,2025-10-02T21:06:07.029565,LOCAL,234.74032302716057
segment_701,19.046914345959188,73.14499860296064,17.819004653995922,67.80749864840263,0.7372118864553383,CONGESTED,0.8888885034815778,2025-10-02T21:06:07.029565,HIGHWAY,666.7176630448332
segment_702,19.22571222462198,72.95724871928283,12.65897389315872,40.42861190781436,0.6868808179211343,CONGESTED,0.8632772011045753,2025-10-02T21:06:07.029565,HIGHWAY,206.7078188162949
segment_703,19.00736841939405,73.01102545959976,14.437800188585449,46.69838978071954,0.6908287361431376,CONGESTED,0.8387780641315459,2025-10-02T21:06:07.029565,LOCAL,1060.4895042746316
segment_704,19.1132582920392,72.85534863788823,59.05067475007123,49.99891563475319,-0.18103910855671357,FLOWING,0.7220092202378807,2025-10-02T21:06:07.029565,ARTERIAL,1751.4322290658658
segment_705,19.12262623112173,72.98719218499122,27.58900849654164,72.70493513217944,0.6205345834311782,CONGESTED,0.9685169811999499,2025-10-02T21:06:07.029565,ARTERIAL,1332.6195164005344
segment_706,19.0759673049874,72.98321144663355,19.11559639523527,70.084573307879,0.7272495858502106,CONGESTED,0.8538624226915803,2025-10-02T21:06:07.029565,ARTERIAL,1518.0894801951588
segment_707,19.030860130624536,73.13826140891094,19.27818060396632,40.06575028449799,0.5188364009889683,SLOW,0.8129244887562082,2025-10-02T21:06:07.030065,HIGHWAY,488.06000210001486
segment_708,19.075851960197628,72.88785397143782,5.012487102004054,76.60006150990108,0.9345628841126171,CONGESTED,0.9531638233692787,2025-10-02T21:06:07.030065,ARTERIAL,1662.2334138963201
segment_709,19.216196435470525,73.09314367493273,53.19058630482558,68.91138402486085,0.22813063389299726,FLOWING,0.7695523875144179,2025-10-02T21:06:07.030065,HIGHWAY,326.3672767924915
segment_710,19.115204984707486,72.93953276298345,25.615370839249874,64.85322496622828,0.605025488669394,CONGESTED,0.9156154339786606,2025-10-02T21:06:07.030065,HIGHWAY,1523.8201317758962
segment_711,19.285493170899294,72.84321158299663,17.795015111272622,70.01043176349262,0.7458233771306072,CONGESTED,0.7823520020521234,2025-10-02T21:06:07.030065,HIGHWAY,844.4406997726262
segment_712,19.237008749469556,72.93649777990309,29.43008737831016,67.02347094269754,0.5608987871805127,SLOW,0.8526682210209641,2025-10-02T21:06:07.030065,LOCAL,1569.0486523916406
segment_713,19.18206685203435,72.81268899672641,34.42316703751942,41.50790899659411,0.17068414503019225,FLOWING,0.9424203451348068,2025-10-02T21:06:07.030065,ARTERIAL,1975.1022962377654
segment_714,19.21691913170641,72.89944195384533,34.611723860782675,79.68542557914331,0.5656454915158052,SLOW,0.9572591823255772,2025-10-02T21:06:07.030065,LOCAL,607.4425141670315
segment_715,19.12455758769172,73.14350457193548,22.92347384386847,78.16169060312343,0.7067172720167285,CONGESTED,0.7365638505344151,2025-10-02T21:06:07.030065,ARTERIAL,740.9281568069545
segment_716,19.2475599514606,72.80023917553392,21.930053251436554,49.64660857231048,0.5582769119164435,SLOW,0.7700702083205833,2025-10-02T21:06:07.030065,LOCAL,451.34856518757425
segment_717,19.07982517267265,72.82457005170393,17.315852328812426,54.53091185595598,0.6824580455475888,CONGESTED,0.8315942500738165,2025-10-02T21:06:07.030065,LOCAL,1820.0680981199794
segment_718,19.107041928095462,72.93206238012624,10.874038720129999,78.1361151752838,0.8608321043894219,CONGESTED,0.7180680834700892,2025-10-02T21:06:07.030065,LOCAL,1988.189553218527
segment_719,19.032144141752784,73.06960701395359,51.43731752838104,76.63230333402689,0.328777613480118,SLOW,0.9153798072820305,2025-10-02T21:06:07.030065,LOCAL,335.3074507410532
segment_720,18.92962496778904,73.16377180147435,15.457082147528812,72.85000618238817,0.7878231868803103,CONGESTED,0.8633892613321408,2025-10-02T21:06:07.030065,HIGHWAY,426.56537305825606
segment_721,19.10014111774954,73.09515216606749,12.645121285949273,57.60284300265994,0.7804774794645924,CONGESTED,0.8448553823230314,2025-10-02T21:06:07.030065,ARTERIAL,1072.3828674820134
segment_722,19.223165883357055,73.17391820699712,55.00611749135679,72.7849947819058,0.24426569437590728,FLOWING,0.9664574048983912,2025-10-02T21:06:07.030065,HIGHWAY,639.9501618522846
segment_723,19.021366780466845,72.95082157240068,26.63263687118538,61.78221298618702,0.5689271137448608,SLOW,0.7479639290099324,2025-10-02T21:06:07.030065,LOCAL,1431.7771935341987
segment_724,18.981594899820756,72.97888041288658,50.640169559450676,66.18901393993772,0.23491578820915238,FLOWING,0.8233612201635562,2025-10-02T21:06:07.030065,HIGHWAY,395.9691951023233
segment_725,19.129759045158544,72.83497860071995,25.754974723815792,56.54066121159836,0.5444875568852988,SLOW,0.7119434318337261,2025-10-02T21:06:07.030564,ARTERIAL,498.80549621383835
segment_726,19.00958580345307,73.18784637556173,45.40897136457641,67.98386132094113,0.3320624853859391,SLOW,0.9558779151563743,2025-10-02T21:06:07.030564,LOCAL,1900.7814261415365
segment_727,18.959303606685616,73.10540633746729,10.977539665608063,79.25030309565108,0.8614826790963975,CONGESTED,0.8144849497327404,2025-10-02T21:06:07.030564,ARTERIAL,1008.5019547561038
segment_728,19.22254739078597,73.05142656025892,39.82947608851757,58.01129935326103,0.31341865235641186,SLOW,0.8593328489012583,2025-10-02T21:06:07.030564,LOCAL,1786.1909864044765
segment_729,19.162682049069968,73.12330728448651,8.79703153012562,53.391561675627166,0.835235545579829,CONGESTED,0.7941109374271469,2025-10-02T21:06:07.030564,ARTERIAL,776.319769594217
segment_730,18.962372848290343,73.03858683016541,49.79111563679948,55.28493977839893,0.09937288823358736,FLOWING,0.7396806145295445,2025-10-02T21:06:07.030564,ARTERIAL,1938.7113671840598
segment_731,19.17626146097449,73.0257581521356,56.3126144040525,63.46047124149795,0.11263478977715713,FLOWING,0.8578247555252209,2025-10-02T21:06:07.030564,ARTERIAL,1665.5955385719587
segment_732,18.985716817685418,72.98761629900726,49.05162968477867,47.20634590930477,-0.03908973973582164,FLOWING,0.7329589341222349,2025-10-02T21:06:07.030564,LOCAL,884.904055681574
segment_733,18.983725105577896,72.96494659490988,8.975232116524712,63.03143451097647,0.8576070466084389,CONGESTED,0.9560963646823335,2025-10-02T21:06:07.030564,HIGHWAY,1258.6442469414224
segment_734,19.00113760275073,72.95472289682075,9.431944675758247,45.88653004379781,0.7944506881048613,CONGESTED,0.7893931706487531,2025-10-02T21:06:07.030564,HIGHWAY,540.038147051408
segment_735,19.25654802517995,72.95890858913619,18.505284426947007,72.49304720988246,0.744730217045914,CONGESTED,0.8028516894416352,2025-10-02T21:06:07.030564,HIGHWAY,407.21965122057503
segment_736,19.3056495742817,72.88231775079576,45.786135965675626,61.86709059589247,0.25992744244683297,FLOWING,0.9653436182790278,2025-10-02T21:06:07.030564,ARTERIAL,1115.6625163969866
segment_737,18.982092360154727,72.86649174482066,55.40690331135328,53.11352795400136,-0.043178742698810835,FLOWING,0.8116246764888687,2025-10-02T21:06:07.030564,HIGHWAY,318.3220523876296
segment_738,18.901611601113274,73.00080327909568,37.07203028990781,63.15861281183217,0.41303286061148714,SLOW,0.7163535782313478,2025-10-02T21:06:07.030564,HIGHWAY,588.4191151594966
segment_739,19.095315260372782,72.89079141578861,45.91478530161836,76.768321242149,0.4019045283432715,SLOW,0.827131035979277,2025-10-02T21:06:07.030564,ARTERIAL,597.3270902555166
segment_740,19.162181109538956,73.13175406005695,15.468533630227615,76.68882367299452,0.7982948115596828,CONGESTED,0.8660675597987073,2025-10-02T21:06:07.030564,HIGHWAY,918.6307232263143
segment_741,19.03112059119028,73.09004446397333,48.79653648783227,73.31749569274643,0.3344489466426239,SLOW,0.9957304748757223,2025-10-02T21:06:07.030564,HIGHWAY,1242.6297343082704
segment_742,19.04247252532455,73.0178381794843,7.258749503472298,69.79300302119653,0.8959960284089256,CONGESTED,0.8337866635276305,2025-10-02T21:06:07.030564,HIGHWAY,863.5649153498051
segment_743,19.182977616509316,72.98014015431232,46.19297329732192,54.27929717874655,0.14897620827321423,FLOWING,0.8904232423312088,2025-10-02T21:06:07.031065,LOCAL,1523.801929625418
segment_744,19.12919230690147,72.88162575541864,21.0551145423794,69.94434834327329,0.698973326064245,CONGESTED,0.8447803706984562,2025-10-02T21:06:07.031065,LOCAL,301.6386124328914
segment_745,19.12316986933613,72.95831107186417,38.723355110665985,72.22408875080953,0.4638443242354934,SLOW,0.7899006051524472,2025-10-02T21:06:07.031065,ARTERIAL,1097.5937464662306
segment_746,19.19705714300038,72.9008691509982,29.56995577864523,44.9379946324142,0.3419831921623815,SLOW,0.7617940107630885,2025-10-02T21:06:07.031065,ARTERIAL,141.96310607224152
segment_747,19.05034370170376,72.93346435625348,26.323233516145372,45.5347280355276,0.4219086255306681,SLOW,0.9214504811610531,2025-10-02T21:06:07.031065,LOCAL,1883.5578072106664
segment_748,19.106792167478243,73.08034627965017,52.055311788972986,56.73164444373944,0.08242899885272947,FLOWING,0.7928238384611332,2025-10-02T21:06:07.031065,HIGHWAY,1079.785447046439
segment_749,19.108846632368166,72.8713664386254,10.948525801534622,73.68427449934046,0.8514129931260622,CONGESTED,0.8842399528562555,2025-10-02T21:06:07.031065,HIGHWAY,847.90748852714
segment_750,19.098842976937508,73.14181895728088,23.70024123329407,74.78598739248685,0.6830924875149131,CONGESTED,0.7264403292930074,2025-10-02T21:06:07.031065,LOCAL,1710.340502803999
segment_751,18.97636341419168,72.97213861294888,14.10248760650106,68.26416515976871,0.7934130217004057,CONGESTED,0.8606043304184969,2025-10-02T21:06:07.031065,LOCAL,367.03954319153155
segment_752,19.020318969852724,73.00723086607903,46.14088421846713,73.46123563043614,0.37190160466957567,SLOW,0.9113005947871542,2025-10-02T21:06:07.031065,ARTERIAL,1367.1621501714933
segment_753,19.082866455827894,73.18124804575766,44.55848603167075,77.206608114502,0.4228669395035738,SLOW,0.8582763919816496,2025-10-02T21:06:07.031065,ARTERIAL,1111.2234622267683
segment_754,19.24508945930716,72.84055193698795,48.55402280876511,72.46288017406192,0.3299462746700894,SLOW,0.844682200024463,2025-10-02T21:06:07.031065,LOCAL,1241.1080742755585
segment_755,18.969827238746873,72.95189496192866,38.94568249143317,78.79275458535139,0.5057200031096047,SLOW,0.9182893413099066,2025-10-02T21:06:07.031065,ARTERIAL,330.688320459447
segment_756,19.202875590089867,72.87351386604315,23.061202478913295,59.48848027687656,0.6123417110072438,CONGESTED,0.7074294632728453,2025-10-02T21:06:07.031065,HIGHWAY,874.9902561638321
segment_757,19.017447253767145,72.85454813098703,45.04067417879086,72.5259062067194,0.37897123201174254,SLOW,0.7772436928431175,2025-10-02T21:06:07.031065,HIGHWAY,832.5517723624963
segment_758,19.112808032158682,73.14240042995726,46.24745249913243,72.2046740526471,0.35949503123008775,SLOW,0.741053549975907,2025-10-02T21:06:07.031065,ARTERIAL,1872.4486112406028
segment_759,19.2875109586335,73.00094872798884,23.033619671004217,69.48529655826556,0.6685108819865248,CONGESTED,0.71101388304492,2025-10-02T21:06:07.031065,ARTERIAL,739.0144491136338
segment_760,19.286625071743074,72.80480121090908,35.4048181645092,69.62654324266504,0.4915040081608676,SLOW,0.8455053962572123,2025-10-02T21:06:07.031065,ARTERIAL,1378.2363738691556
segment_761,19.041652096342773,72.87183991257604,20.47428420196129,58.303013290017276,0.648829742296237,CONGESTED,0.8426157566066447,2025-10-02T21:06:07.031565,ARTERIAL,242.3020998037691
segment_762,18.944587348489936,73.13498900784751,18.190097371362462,47.798330859945224,0.6194407410446694,CONGESTED,0.8514734353750417,2025-10-02T21:06:07.031565,ARTERIAL,217.69838530007706
segment_763,19.142259326248066,72.84768417713623,7.005357795409015,42.1097580864887,0.8336405119919996,CONGESTED,0.9502492324625325,2025-10-02T21:06:07.031565,HIGHWAY,1466.2436789705423
segment_764,19.129957511305197,73.17751124454735,18.798967409375763,44.022509283337776,0.5729691988164098,SLOW,0.8179784455297645,2025-10-02T21:06:07.031565,LOCAL,1735.5179801394406
segment_765,19.045402692405737,73.06151470044979,24.26092745627705,64.68878331977832,0.624959286429192,CONGESTED,0.9654423841091953,2025-10-02T21:06:07.031565,HIGHWAY,289.03987085863287
segment_766,19.221970296779062,73.18650971909928,58.35409511666888,74.60284397501576,0.21780334358015263,FLOWING,0.8802376448018857,2025-10-02T21:06:07.031565,HIGHWAY,641.8910250927868
segment_767,19.1649235764725,72.98225981977595,31.510953687731288,70.31106241500632,0.5518350511937936,SLOW,0.7845755066791754,2025-10-02T21:06:07.031565,HIGHWAY,281.7173224450603
segment_768,19.076037193265662,72.8453198417593,14.455190674990739,61.892987373579444,0.7664486513190782,CONGESTED,0.7493797821098723,2025-10-02T21:06:07.031565,ARTERIAL,574.513940535775
segment_769,19.044175705407067,73.14081936632188,35.7569972472652,60.589687750271196,0.4098501151773116,SLOW,0.7298739140620086,2025-10-02T21:06:07.031565,LOCAL,1512.5268305167695
segment_770,19.123787355708586,73.14426712871555,43.22051088798291,40.42204489800759,-0.06923118305955023,FLOWING,0.8182270458323508,2025-10-02T21:06:07.031565,ARTERIAL,1193.7639806950974
segment_771,18.952968435397672,73.0326886109894,47.14909672075588,56.25666146296075,0.1618930897312716,FLOWING,0.9639513243824404,2025-10-02T21:06:07.031565,HIGHWAY,464.71533409187896
segment_772,19.202078455998542,72.90862018207099,22.391831740983154,73.79883414560405,0.6965828525582886,CONGESTED,0.8428967056620713,2025-10-02T21:06:07.031565,LOCAL,1544.760127846217
segment_773,19.184087314942204,72.92038652785264,15.122462462761744,70.25804351955648,0.7847582752777286,CONGESTED,0.8422473837637239,2025-10-02T21:06:07.031565,LOCAL,1422.0104371874165
segment_774,19.296567712105364,73.19820438720635,29.76522457428749,50.10121558545778,0.4058981558338267,SLOW,0.8328488111152972,2025-10-02T21:06:07.031565,LOCAL,497.2849927202671
segment_775,18.954748314618172,72.88141394955476,47.298362323784836,57.020226370873715,0.17049851720783182,FLOWING,0.8696247819257614,2025-10-02T21:06:07.031565,HIGHWAY,704.0188801692387
segment_776,18.90368642901813,72.95285316353039,21.599515331448153,41.49587961635189,0.4794780703254057,SLOW,0.8516095769517789,2025-10-02T21:06:07.031565,HIGHWAY,1835.1364039306138
segment_777,19.06294855684711,73.13182633257135,12.353260991968991,77.41577958671195,0.8404296765088785,CONGESTED,0.9254269952593908,2025-10-02T21:06:07.031565,ARTERIAL,1027.4233325240964
segment_778,19.24148637482993,72.83969183843786,28.575435356469246,65.14008680944815,0.5613233454837128,SLOW,0.7645466864872166,2025-10-02T21:06:07.031565,HIGHWAY,1554.100969098234
segment_779,19.290349463216646,72.88192096362248,48.88989193705732,69.54184213587854,0.2969715722869284,FLOWING,0.7191383668760793,2025-10-02T21:06:07.032065,LOCAL,560.288599411058
segment_780,18.98546495771323,73.181821536967,55.51868815237848,41.879700040124696,-0.32567062560587456,FLOWING,0.8016439064814544,2025-10-02T21:06:07.032065,LOCAL,816.6833866695135
segment_781,19.23677287075018,72.97381238532179,52.824351949823885,47.22630165245213,-0.1185367073324719,FLOWING,0.9843058531192839,2025-10-02T21:06:07.032065,LOCAL,1341.8148630843978
segment_782,19.015075288248067,73.03722247598694,31.90749901124556,45.33377869265482,0.2961650245931219,FLOWING,0.7727632829748912,2025-10-02T21:06:07.032065,ARTERIAL,1856.18817739986
segment_783,18.996762388542074,72.91569756112787,25.314477154918777,66.54970954501547,0.6196155125546328,CONGESTED,0.7354715177416421,2025-10-02T21:06:07.032065,LOCAL,209.04450300771975
segment_784,19.144989044237366,73.15373737118851,13.345860212417882,63.91232053606056,0.7911848591870813,CONGESTED,0.8994217614732538,2025-10-02T21:06:07.032065,ARTERIAL,247.2176502055332
segment_785,19.018571810368503,73.03411873133372,19.1027165234418,77.35911896578077,0.7530644508517251,CONGESTED,0.7393175892412871,2025-10-02T21:06:07.032065,ARTERIAL,172.96166692005465
segment_786,19.054665045105956,73.19161273631667,28.140510941273924,60.07781620527367,0.5315989708227156,SLOW,0.9729790474479156,2025-10-02T21:06:07.032065,ARTERIAL,1205.9332491360249
segment_787,19.23507796616325,73.1457465065824,30.12884394554968,59.00433459727341,0.48937914220725864,SLOW,0.8158152806955508,2025-10-02T21:06:07.032065,LOCAL,1424.6158831516657
segment_788,18.93495368780739,73.1451838493252,31.430796745994744,42.7501562568995,0.2647793716327741,FLOWING,0.8649151765489933,2025-10-02T21:06:07.032065,LOCAL,1760.6259754865598
segment_789,18.992699286096656,72.86337921487596,8.421280033913003,72.90811686868825,0.8844946160236148,CONGESTED,0.7934145819677753,2025-10-02T21:06:07.032065,HIGHWAY,652.6660230400067
segment_790,19.09715087363549,73.14314311340699,21.769671841178493,47.707055859468014,0.5436802492003276,SLOW,0.7387213740792644,2025-10-02T21:06:07.032065,LOCAL,996.0900938709972
segment_791,18.995542273551287,72.8664739998439,23.300121208070852,77.59697491542835,0.6997290006025974,CONGESTED,0.8029080137770073,2025-10-02T21:06:07.032065,ARTERIAL,967.7881264830966
segment_792,19.038276858443385,72.8209926840399,29.76299576699395,50.18994829346875,0.4069928983993987,SLOW,0.8055654503041019,2025-10-02T21:06:07.032065,LOCAL,1090.9468694308375
segment_793,18.95235192017698,73.18456581616945,39.97509211403561,70.63473702650126,0.43405902255943185,SLOW,0.7237639450025112,2025-10-02T21:06:07.032065,HIGHWAY,1571.5226459276028
segment_794,18.95646203949521,72.98708824638847,38.32432483487157,57.13407202275385,0.32922119012261597,SLOW,0.7081319957008699,2025-10-02T21:06:07.032065,ARTERIAL,119.97512662914163
segment_795,19.219993755638544,73.15732179751525,28.806195658144475,61.42169892391193,0.5310094614310643,SLOW,0.843095017785296,2025-10-02T21:06:07.032065,ARTERIAL,1068.3472565271452
segment_796,19.281723470653983,73.11407595376915,31.807346670544415,77.81486598459111,0.5912433149105094,SLOW,0.7171710080550427,2025-10-02T21:06:07.032065,ARTERIAL,1067.0221768018903
segment_797,19.090186418219417,72.91147772637142,57.73795302547255,45.7125721789147,-0.2630650666405654,FLOWING,0.8739488728143174,2025-10-02T21:06:07.032564,ARTERIAL,1909.0734424450677
segment_798,19.2459311497963,73.08360060453056,37.31948426383098,72.82367157296592,0.48753635380168114,SLOW,0.8176801124570641,2025-10-02T21:06:07.032564,LOCAL,1487.0032700536367
segment_799,19.050257000583358,72.82556037681935,9.088403488733931,44.61451205222816,0.7962904205229331,CONGESTED,0.9609043970030988,2025-10-02T21:06:07.032564,LOCAL,1454.4765017549994
segment_800,19.065021920954056,72.90348437896625,24.095569215921657,71.76729381268734,0.6642541757417926,CONGESTED,0.8875648375094314,2025-10-02T21:06:07.032564,LOCAL,1901.902150298946
segment_801,18.938356808420092,72.86457907441317,57.841046652424545,61.50160574561385,0.059519732026677485,FLOWING,0.7042589903415171,2025-10-02T21:06:07.032564,LOCAL,1114.8654226578246
segment_802,19.189102132849555,73.09947939137567,16.722816562266516,74.68709417805408,0.7760949633091989,CONGESTED,0.9867529441525491,2025-10-02T21:06:07.032564,LOCAL,1113.3147409332496
segment_803,19.07037100896784,72.86766475753697,58.76011097511134,74.13268746666344,0.20736569814044525,FLOWING,0.8494999084882712,2025-10-02T21:06:07.032564,HIGHWAY,531.7960017633584
segment_804,19.128390569564534,73.07798805324859,33.334186561262385,79.61140682339766,0.5812888141116792,SLOW,0.8834024968743178,2025-10-02T21:06:07.032564,HIGHWAY,1718.507259093887
segment_805,19.24322024130519,72.80546467418824,54.264949553331306,41.15777266973468,-0.31846176392424086,FLOWING,0.7718937354872669,2025-10-02T21:06:07.032564,HIGHWAY,1076.3463988552162
segment_806,19.234590844986357,72.93519262018793,43.80195135702142,47.500178284759215,0.07785711677895735,FLOWING,0.9251795370232379,2025-10-02T21:06:07.032564,ARTERIAL,595.6135673279689
segment_807,18.90381655467951,73.05931901091952,33.11016018098189,57.82071257972645,0.42736506169259425,SLOW,0.9900905543854945,2025-10-02T21:06:07.032564,LOCAL,1443.217005137503
segment_808,19.1748255130542,73.14900798073175,18.4281158278799,58.00439434740119,0.6822979356096742,CONGESTED,0.9777482123330552,2025-10-02T21:06:07.032564,ARTERIAL,806.882778843194
segment_809,18.938828797155566,72.98316011805083,26.696366496137163,74.6824072951579,0.6425347352472388,CONGESTED,0.7731985907057416,2025-10-02T21:06:07.032564,LOCAL,1239.2347940837026
segment_810,19.131147537112273,73.00558217867628,42.95677147251044,73.49798380333847,0.4155380971068321,SLOW,0.7968969049530605,2025-10-02T21:06:07.032564,ARTERIAL,1099.57862517793
segment_811,19.18886306667361,72.90938980614999,45.506024604049,42.06629428458564,-0.08176927342810392,FLOWING,0.7147883478293249,2025-10-02T21:06:07.032564,HIGHWAY,771.5990649153691
segment_812,19.032565950454202,72.99640790506757,22.640347027136418,47.69031673872368,0.5252632279384116,SLOW,0.7928408647265802,2025-10-02T21:06:07.032564,LOCAL,881.1154922902124
segment_813,19.0867793662805,73.03061799598045,59.083742262782465,49.66405105743052,-0.1896682007365691,FLOWING,0.9043846331597302,2025-10-02T21:06:07.032564,LOCAL,1714.8983422958581
segment_814,19.059973952302357,72.99841709040663,5.42716531846828,59.683680414003916,0.9090678510302647,CONGESTED,0.9959462204715188,2025-10-02T21:06:07.032564,LOCAL,500.8427921779058
segment_815,19.253481243167965,72.8121415222132,51.40970750120684,58.413162025710605,0.11989514488911235,FLOWING,0.7652763819794933,2025-10-02T21:06:07.033064,ARTERIAL,1386.5754366761716
segment_816,18.949988947887118,72.82757115125386,31.595241793470297,48.8036026418909,0.35260431437185924,SLOW,0.776195426012876,2025-10-02T21:06:07.033064,ARTERIAL,338.7226355833966
segment_817,19.02168575317005,72.89550070843441,16.744856996968778,56.445773459199486,0.7033461325661094,CONGESTED,0.911209435777497,2025-10-02T21:06:07.033064,LOCAL,1067.3572845510384
segment_818,18.95851418259878,73.14649081223148,52.93722355743236,56.73383229975032,0.0669196595473891,FLOWING,0.8333186855353242,2025-10-02T21:06:07.033064,HIGHWAY,229.2708967741724
segment_819,19.03309973784266,72.90671781977353,32.82591900805166,71.10911640271172,0.5383725650288089,SLOW,0.9574968816636573,2025-10-02T21:06:07.033064,ARTERIAL,123.93316241639522
segment_820,19.17068372583865,72.87314581070194,17.78222254179272,65.4252799456016,0.7282056331042389,CONGESTED,0.9978830397348721,2025-10-02T21:06:07.033064,HIGHWAY,877.4469161711282
segment_821,19.038339293106873,73.07735101540754,47.14350100182084,52.16378543885135,0.09624079991118561,FLOWING,0.943488104333456,2025-10-02T21:06:07.033064,LOCAL,1650.5754705370966
segment_822,19.31324067283681,73.16389747468507,51.84846862632979,42.10297591244013,-0.2314680257793884,FLOWING,0.7313246108494353,2025-10-02T21:06:07.033064,HIGHWAY,1258.395625723977
segment_823,19.284341350885814,72.86254485665795,46.34889899728131,62.73074465075074,0.2611454039749451,FLOWING,0.7823997609363715,2025-10-02T21:06:07.033064,LOCAL,595.3466708524193
segment_824,19.11767748268926,73.08888643946946,14.578618081746798,61.87524695149732,0.7643869107597313,CONGESTED,0.9143379051657345,2025-10-02T21:06:07.033064,LOCAL,197.21446224640422
segment_825,18.99780059388796,72.99680069177283,22.06294060595876,47.27054391044777,0.5332623917390045,SLOW,0.8512398525755315,2025-10-02T21:06:07.033064,HIGHWAY,200.1675560355522
segment_826,19.08739158388133,73.02159179488804,21.3875212224276,58.20302542081538,0.63253591943386,CONGESTED,0.7490661383590562,2025-10-02T21:06:07.033064,LOCAL,301.8062724180668
segment_827,19.22586844687727,73.1231829312436,47.22705397428857,44.558635484769646,-0.05988555216038893,FLOWING,0.8931723871203294,2025-10-02T21:06:07.033064,HIGHWAY,1049.1418368888753
segment_828,19.221206021692538,72.90622303920496,49.372546330682205,50.072270642035264,0.01397428761230668,FLOWING,0.9471239163852401,2025-10-02T21:06:07.033064,ARTERIAL,254.74970449320247
segment_829,19.082706129622892,72.91706203906696,34.998537261644216,45.336653420928286,0.2280299797009674,FLOWING,0.9074930205919954,2025-10-02T21:06:07.033064,ARTERIAL,518.6220475314069
segment_830,18.94335099252918,73.03401406748746,31.869835654214143,60.96785084253229,0.47726817964229173,SLOW,0.9000806252671651,2025-10-02T21:06:07.033064,LOCAL,1830.2634912293881
segment_831,19.08298226777136,72.85163447805698,45.82643162036694,65.72417410471401,0.3027461775730389,SLOW,0.7947230207452111,2025-10-02T21:06:07.033064,HIGHWAY,193.68707550866688
segment_832,19.008141270926835,72.85426458686415,19.302642213883864,55.402322228758464,0.6515914597553788,CONGESTED,0.9828948352213407,2025-10-02T21:06:07.033064,ARTERIAL,1942.0327088717386
segment_833,19.090648977297153,73.00279984805734,36.469457898107336,77.29392566534844,0.5281717472081131,SLOW,0.9574620372931089,2025-10-02T21:06:07.033564,ARTERIAL,747.8277499216782
segment_834,19.319022350571156,72.90542059179872,20.35217589258483,77.22689022249594,0.7364625736715693,CONGESTED,0.7073933213908967,2025-10-02T21:06:07.033564,ARTERIAL,242.42408259302482
segment_835,18.993664125884166,72.96315837494862,24.128032167688794,40.865822453879346,0.40957918576288566,SLOW,0.7275332819413527,2025-10-02T21:06:07.033564,LOCAL,1327.9888739490245
segment_836,19.171883696436698,72.85133997064588,40.76029415451093,79.29930322404991,0.48599429632631197,SLOW,0.9735455708618341,2025-10-02T21:06:07.033564,ARTERIAL,1217.8948095135477
segment_837,18.989319000334763,72.83880728729483,8.533121672141924,63.70784266571511,0.8660585366715912,CONGESTED,0.94751059574284,2025-10-02T21:06:07.033564,HIGHWAY,911.099982864275
segment_838,19.096990474681512,73.17142221315765,40.25973569701877,52.466116666185954,0.23265264793333018,FLOWING,0.8575954793352164,2025-10-02T21:06:07.033564,HIGHWAY,742.6388379028413
segment_839,19.283828041935156,73.19241794490179,41.39959007159336,72.67561158016673,0.43035099159879153,SLOW,0.9248636692663256,2025-10-02T21:06:07.033564,ARTERIAL,1459.1123900053576
segment_840,19.012620156437006,72.92626739246562,11.888817710291438,66.2203988738445,0.8204659302499726,CONGESTED,0.7119391382006958,2025-10-02T21:06:07.033564,HIGHWAY,365.41550794558344
segment_841,19.200609089092534,73.18911748066257,59.06855847881513,59.759165965607515,0.011556511467878283,FLOWING,0.9608056902977042,2025-10-02T21:06:07.033564,LOCAL,1660.3928987084064
segment_842,19.00275512293398,72.96852035265334,51.136163522089866,75.08481870649152,0.31895469146722666,SLOW,0.7729539940792678,2025-10-02T21:06:07.033564,HIGHWAY,1376.1544388960076
segment_843,19.04023903804115,72.90170366439557,39.707716629862134,40.99936329127398,0.03150406634940961,FLOWING,0.9162175336080036,2025-10-02T21:06:07.033564,ARTERIAL,1250.9320879897753
segment_844,19.16538966688369,73.01082006259702,37.03935775924048,67.35152803559498,0.450059132442172,SLOW,0.9259356541539022,2025-10-02T21:06:07.033564,ARTERIAL,454.5211840590183
segment_845,18.979057523903,72.87369946062907,8.13513131535637,63.511937974867394,0.8719117763565086,CONGESTED,0.9521044532765524,2025-10-02T21:06:07.033564,ARTERIAL,193.10882544541974
segment_846,19.140563516208516,73.12779827415443,22.97063898127485,53.98457595230889,0.5744962597915451,SLOW,0.8789039492490327,2025-10-02T21:06:07.033564,HIGHWAY,150.55589554759985
segment_847,19.20879597760267,73.05025996517658,36.941579948061246,69.66736515967293,0.4697434033367901,SLOW,0.9025692512686112,2025-10-02T21:06:07.033564,LOCAL,1409.8925543555167
segment_848,19.01919513607745,73.0775452647503,21.81974312060152,70.3695591862798,0.6899263918530303,CONGESTED,0.8859243563474698,2025-10-02T21:06:07.033564,LOCAL,1293.8595233439444
segment_849,18.9773225558116,72.84226013817957,49.706803434521674,63.15025905439997,0.2128804508671549,FLOWING,0.8854855063041159,2025-10-02T21:06:07.033564,ARTERIAL,234.50372842123141
segment_850,19.177363066006247,73.1236779214627,42.00574294562365,59.889167800799825,0.29860867184962514,FLOWING,0.9850921041208544,2025-10-02T21:06:07.033564,HIGHWAY,136.41898629745776
segment_851,19.081435536014645,72.81320477436013,57.46652138895248,48.39672182992206,-0.18740524597727748,FLOWING,0.9366781071846638,2025-10-02T21:06:07.034065,LOCAL,434.19153849545796
segment_852,18.99886096999731,72.9977483244183,55.3159222498283,48.468574885918834,-0.14127395699226075,FLOWING,0.743272006335431,2025-10-02T21:06:07.034065,LOCAL,1954.563445979186
segment_853,18.993358761988205,72.88324241383854,46.45460971091713,50.13517595317338,0.07341285180077806,FLOWING,0.9685229677485535,2025-10-02T21:06:07.034065,LOCAL,1398.5158887988139
segment_854,19.149347540361667,73.10193098334493,22.02044170454003,57.9188662552876,0.6198053738227358,CONGESTED,0.8216415028991255,2025-10-02T21:06:07.034065,ARTERIAL,104.41447165066752
segment_855,19.31325099485981,73.162455014451,8.049487963711277,73.3213705576428,0.8902163461690471,CONGESTED,0.837341479767762,2025-10-02T21:06:07.034065,LOCAL,1769.6183949861668
segment_856,18.98260023760393,73.17891999976803,16.30918182346376,64.54732750914974,0.7473298670475258,CONGESTED,0.7669259003586925,2025-10-02T21:06:07.034065,ARTERIAL,1399.5527468387686
segment_857,18.979895730944456,73.00835431308028,30.798285941456545,42.84149685613365,0.2811108807686973,FLOWING,0.9454923453025909,2025-10-02T21:06:07.034065,HIGHWAY,1191.7061753485712
segment_858,19.116209378671915,73.00530420182818,10.89723168146681,56.93928036997331,0.8086166243995345,CONGESTED,0.835710027761971,2025-10-02T21:06:07.034065,HIGHWAY,474.64766573932593
segment_859,18.940996216005775,72.86673943128223,55.805226773222685,72.85885011104763,0.23406385513678452,FLOWING,0.8062193687065282,2025-10-02T21:06:07.034065,HIGHWAY,795.2086673738344
segment_860,18.99634527090484,72.8873212447246,8.008124601694721,40.706801791817355,0.8032730588207382,CONGESTED,0.7308304727949345,2025-10-02T21:06:07.034065,ARTERIAL,965.5768857812068
segment_861,19.274209031570095,73.02779890340743,50.78150729360494,79.66497371844912,0.3625616764391807,SLOW,0.7490848612414829,2025-10-02T21:06:07.034065,ARTERIAL,987.3339463913093
segment_862,19.187973734691383,72.89051093365752,12.249375644317364,75.48170977787848,0.8377173002524209,CONGESTED,0.7825074317463393,2025-10-02T21:06:07.034065,HIGHWAY,1583.3286779260945
segment_863,19.282282372140774,72.95313335790738,39.684941224069426,57.20570928387305,0.30627656363563227,SLOW,0.8313295164964385,2025-10-02T21:06:07.034065,LOCAL,1189.520468175756
segment_864,18.94130486706789,72.97970981878267,56.72734591821559,78.11337556682338,0.2737819162649392,FLOWING,0.7717996859642076,2025-10-02T21:06:07.034065,HIGHWAY,580.3910613115496
segment_865,18.928259537427035,72.90719890675375,55.17145302298391,65.32714699583089,0.1554590157365222,FLOWING,0.9163163982693615,2025-10-02T21:06:07.034065,LOCAL,699.8701465639283
segment_866,19.232372426031613,73.07222426645554,21.47559757881935,58.30975268664854,0.6316980163811136,CONGESTED,0.7286677311875005,2025-10-02T21:06:07.034065,LOCAL,546.5594677426454
segment_867,19.173958067383747,72.96207885703014,37.782397751270594,44.29802210515633,0.14708612358399875,FLOWING,0.7050738399764822,2025-10-02T21:06:07.034065,ARTERIAL,1833.9495510779097
segment_868,18.97448757189709,72.80281716584966,49.302282531773436,43.07182737146936,-0.1446526776440209,FLOWING,0.8241118095730091,2025-10-02T21:06:07.034065,HIGHWAY,1934.3524057411803
segment_869,19.284642026240114,73.00115020802623,48.73106553896986,45.429834123996045,-0.072666596271592,FLOWING,0.9932314552612037,2025-10-02T21:06:07.034065,HIGHWAY,217.34853395137944
segment_870,19.208427014840822,73.0086933675413,16.72621622640243,71.26915956019037,0.7653091978406691,CONGESTED,0.7611266457549831,2025-10-02T21:06:07.034564,HIGHWAY,267.9542375788409
segment_871,19.04373472040714,73.19255333369651,39.63259773925616,56.64643785624631,0.30035145652347595,SLOW,0.749961554049181,2025-10-02T21:06:07.034564,LOCAL,1659.6131175999446
segment_872,19.018220467029384,72.82802747828848,8.114405655765692,44.81512598022135,0.8189360070225644,CONGESTED,0.8742305750843264,2025-10-02T21:06:07.034564,ARTERIAL,563.045602618251
segment_873,19.028475821569838,72.9932538582262,8.475070327312457,64.44566092844985,0.8684927704175178,CONGESTED,0.9951205101027274,2025-10-02T21:06:07.034564,LOCAL,786.3105120540424
segment_874,19.16766690574597,72.82827864327375,24.88471032696261,61.3919786512477,0.5946586040445714,SLOW,0.9988673479133916,2025-10-02T21:06:07.034564,ARTERIAL,1306.3664872237132
segment_875,19.260751586716385,72.93790790675995,26.466255096702376,75.64086731868846,0.6501064036561701,CONGESTED,0.9440826440102068,2025-10-02T21:06:07.034564,ARTERIAL,572.714421130981
segment_876,19.28229099508599,72.86176630301568,39.4723785679472,41.15204722186075,0.04081616267735211,FLOWING,0.8931159418974838,2025-10-02T21:06:07.034564,HIGHWAY,549.3023332535197
segment_877,18.988832834698343,73.09441416017043,22.600886219806547,60.241787696473466,0.6248304194809013,CONGESTED,0.7487533195892369,2025-10-02T21:06:07.034564,HIGHWAY,465.4580899924386
segment_878,19.20129656510645,73.06573574664228,23.88577842660149,40.76396797414903,0.414046776757627,SLOW,0.9069373741938598,2025-10-02T21:06:07.034564,LOCAL,137.94857189825342
segment_879,19.146372729709913,72.98215796209918,33.490844189968584,40.29852561668878,0.1689312778207681,FLOWING,0.8268059858972276,2025-10-02T21:06:07.034564,HIGHWAY,376.4828707361074
segment_880,19.268750920649858,72.90767589578932,59.024083351513816,55.31612056148983,-0.06703222771926276,FLOWING,0.7533652176203498,2025-10-02T21:06:07.034564,HIGHWAY,936.342624524667
segment_881,18.929109264676082,73.03128735248931,37.86978419278952,69.55721821397889,0.4555592479806957,SLOW,0.7087509676872229,2025-10-02T21:06:07.034564,LOCAL,951.3624258378454
segment_882,19.104918082017306,72.88170258717456,39.47414465356642,54.349700421715546,0.2737007868070155,FLOWING,0.9986935530023048,2025-10-02T21:06:07.034564,ARTERIAL,938.8574542342324
segment_883,18.95488250477357,72.91639975582586,52.79275077614929,76.17811246249975,0.3069826874203846,SLOW,0.7002243125111592,2025-10-02T21:06:07.034564,ARTERIAL,1213.8474476834472
segment_884,19.106794160454523,72.87692630911374,30.516494490019,49.832743480902984,0.38762162469113104,SLOW,0.9744526449554964,2025-10-02T21:06:07.034564,ARTERIAL,980.0789289869489
segment_885,19.104467849015318,73.17395721862181,40.03972388700935,75.94670806210655,0.47279184432501975,SLOW,0.8369526566024599,2025-10-02T21:06:07.034564,ARTERIAL,1866.8776287407627
segment_886,19.092656148580364,72.87265256875153,21.631765716715723,42.03210358755769,0.48535134170350824,SLOW,0.8404901774369156,2025-10-02T21:06:07.034564,HIGHWAY,1860.5122281149243
segment_887,19.198377162305214,72.96756944991716,33.44996933648708,43.36852044708393,0.22870393106213904,FLOWING,0.995372768912834,2025-10-02T21:06:07.035065,ARTERIAL,781.6359478404202
segment_888,19.16506915171474,73.08595937523091,28.641456835873544,52.25769346200972,0.4519188479549848,SLOW,0.9886638730347834,2025-10-02T21:06:07.035065,LOCAL,566.3634788239679
segment_889,19.201375780712386,73.11072854689611,42.038085090128796,64.5799784102077,0.34905389990833235,SLOW,0.9677407281856035,2025-10-02T21:06:07.035065,HIGHWAY,1067.4001345689448
segment_890,18.910361380907002,72.96275937255625,17.13844911319343,61.33233449834963,0.7205642137483842,CONGESTED,0.99879809473021,2025-10-02T21:06:07.035065,ARTERIAL,502.9543512070177
segment_891,19.00037902568885,72.91251382542121,27.61200030426586,49.373002626021076,0.4407469905483631,SLOW,0.7058954448240543,2025-10-02T21:06:07.035065,ARTERIAL,296.90978031351165
segment_892,19.195010253663806,72.9197830895737,19.78713020972944,79.9190982223304,0.7524104919867494,CONGESTED,0.9574416775079964,2025-10-02T21:06:07.035065,ARTERIAL,1962.4962948513482
segment_893,19.17304755383607,73.0968089807519,6.733217369521638,44.86421037392228,0.8499200740767884,CONGESTED,0.8899255379488715,2025-10-02T21:06:07.035065,ARTERIAL,800.5777953946073
segment_894,19.22328719568469,73.12437407706905,27.019614476190686,77.8861174402542,0.6530881835659967,CONGESTED,0.8219388153856216,2025-10-02T21:06:07.035065,HIGHWAY,1377.4617085214431
segment_895,19.189456192379556,72.93658776264337,16.858537088367463,72.54841083029231,0.7676236199328539,CONGESTED,0.7651309688409671,2025-10-02T21:06:07.035065,ARTERIAL,1629.7264966338632
segment_896,19.257055748567716,72.91566013378166,57.37430430992781,41.99440585596657,-0.3662368389425865,FLOWING,0.7449727759741419,2025-10-02T21:06:07.035065,LOCAL,1194.0056951323884
segment_897,19.17096303498638,72.80678765172618,57.82017260421716,41.78352370936576,-0.38380317099145933,FLOWING,0.7429185858170206,2025-10-02T21:06:07.035065,ARTERIAL,1432.5907645898387
segment_898,18.906036639746667,72.81980505188092,37.96472229246915,53.66698295273817,0.29258698358536783,FLOWING,0.9859949116602882,2025-10-02T21:06:07.035065,HIGHWAY,973.1696572604916
segment_899,19.109566536572732,72.82888527413407,42.64394485881191,60.12881659434538,0.2907902188312447,FLOWING,0.9295446549583792,2025-10-02T21:06:07.035065,ARTERIAL,714.5414246903739
segment_900,19.244078369083017,73.01461024335738,52.29673928008751,48.52141279373057,-0.07780743117283562,FLOWING,0.8823335315820662,2025-10-02T21:06:07.035065,HIGHWAY,1928.442309214293
segment_901,19.117713494600835,72.82915938074866,39.475809742828694,50.12795628051241,0.2124991188165557,FLOWING,0.9411080355631907,2025-10-02T21:06:07.035065,LOCAL,1282.3756602406497
segment_902,19.292456491073857,72.8826137615888,45.42643820078043,74.65804252996166,0.39153992441537755,SLOW,0.8562646535342533,2025-10-02T21:06:07.035065,ARTERIAL,595.2827997071279
segment_903,19.024696183192578,72.80025100665138,57.97017719937914,76.70179578385378,0.24421355970935132,FLOWING,0.9293704791278291,2025-10-02T21:06:07.035065,LOCAL,950.2554904290655
segment_904,18.94279453666805,72.80636810690511,38.89006308669285,78.43317668320753,0.5041631012375001,SLOW,0.970860407029645,2025-10-02T21:06:07.035065,LOCAL,544.0118527681909
segment_905,19.16846476834378,72.89427301383036,44.25131557116846,74.94712138242994,0.40956617472512535,SLOW,0.738040539738028,2025-10-02T21:06:07.035565,LOCAL,893.9795935734584
segment_906,18.91869379649599,72.9156546873675,29.820684744770197,44.6793218554103,0.33256183159460473,SLOW,0.8359802382265064,2025-10-02T21:06:07.035565,HIGHWAY,301.01338851831804
segment_907,19.11257873813175,73.12585002241038,56.48896728530481,60.540714669670805,0.06692599197868088,FLOWING,0.985083767083422,2025-10-02T21:06:07.035565,ARTERIAL,1105.6081514728212
segment_908,19.14544628706757,73.11874462811048,23.753160990436655,72.21865132162347,0.6710938164068905,CONGESTED,0.8015833687337898,2025-10-02T21:06:07.035565,HIGHWAY,1680.688929207299
segment_909,19.069478396824888,72.9333199439482,32.05604132215211,62.91090038948436,0.4904533058072347,SLOW,0.771501163188399,2025-10-02T21:06:07.035565,LOCAL,1248.69080949066
segment_910,19.121660067441308,73.02297638686544,58.808194422248626,70.92670766987835,0.17085966127222763,FLOWING,0.7318797714377188,2025-10-02T21:06:07.035565,ARTERIAL,424.02229290662916
segment_911,19.08788723058236,72.88418386887061,42.92706860432764,75.09238944772142,0.4283432859169698,SLOW,0.7871085656100043,2025-10-02T21:06:07.035565,ARTERIAL,777.4619502360886
segment_912,19.087867157626093,73.18620716729392,25.75416624766714,50.329072530399316,0.48828450530036416,SLOW,0.773040113220028,2025-10-02T21:06:07.035565,LOCAL,1543.0882825621936
segment_913,18.98651503735916,73.08371845085631,6.1632402842178955,56.757319119357845,0.8914106518798588,CONGESTED,0.932759519560836,2025-10-02T21:06:07.035565,HIGHWAY,1473.2604844205118
segment_914,19.297028956905688,73.16683071178792,37.088441832925014,58.504412130279135,0.3660573539251105,SLOW,0.9454901528318145,2025-10-02T21:06:07.035565,ARTERIAL,1761.3562602458285
segment_915,19.048062281346215,73.08907342978979,22.557391378240364,76.2364668493859,0.7041128437548774,CONGESTED,0.7379911376555123,2025-10-02T21:06:07.035565,HIGHWAY,1086.493251746574
segment_916,18.998435438084705,72.84942659496063,11.80299678375684,63.33104788556386,0.8136301675430306,CONGESTED,0.9204277866548136,2025-10-02T21:06:07.035565,LOCAL,1854.2434399264778
segment_917,19.128826363782842,72.9078969863495,43.63192965943293,66.35607226299429,0.3424576203590979,SLOW,0.99673759573262,2025-10-02T21:06:07.035565,ARTERIAL,1376.9130550572972
segment_918,18.921849977112366,72.84545841547869,5.21551062231013,79.97842724238693,0.9347885323313032,CONGESTED,0.9406821091442433,2025-10-02T21:06:07.035565,LOCAL,1068.4795430475415
segment_919,19.026028174820283,72.86050571378507,20.6571106365555,55.03884887716556,0.6246812740822838,CONGESTED,0.9268930290940882,2025-10-02T21:06:07.035565,ARTERIAL,470.49380128993755
segment_920,19.031660491135508,73.04822273880939,40.10925358219019,67.9753896394947,0.4099444843948915,SLOW,0.7336035139204616,2025-10-02T21:06:07.035565,LOCAL,1623.4692097634786
segment_921,19.09587732969191,72.94466643327802,10.962020499414251,75.0373208874482,0.8539124215820995,CONGESTED,0.9349480087083708,2025-10-02T21:06:07.035565,LOCAL,280.97297454845204
segment_922,18.911537636255453,72.96145035810795,59.646799505057025,46.995357447794504,-0.2692062098116088,FLOWING,0.901793303058037,2025-10-02T21:06:07.035565,LOCAL,195.6135725758615
segment_923,18.92642113992757,72.8749387165307,6.785892443046155,69.7341158228005,0.9026890588203684,CONGESTED,0.9169990911981889,2025-10-02T21:06:07.035565,LOCAL,1364.7359511893235
segment_924,19.107261599190608,73.1692695954477,5.871851322753196,69.19694077143285,0.9151429057803474,CONGESTED,0.9666239550441439,2025-10-02T21:06:07.036065,ARTERIAL,955.1219237899405
segment_925,18.985982170659,73.02660726623513,40.724862723201326,52.1049273171502,0.2184066878105625,FLOWING,0.8379945009034302,2025-10-02T21:06:07.036065,HIGHWAY,203.5676270860672
segment_926,19.25130468969797,73.00477545227277,33.985419351984355,62.46378030848777,0.45591798664535343,SLOW,0.7512441118918631,2025-10-02T21:06:07.036065,HIGHWAY,730.1499039363332
segment_927,19.20368399269334,73.00310086074506,32.45097619591836,44.405691316758656,0.2692158317176925,FLOWING,0.8168548077836226,2025-10-02T21:06:07.036065,ARTERIAL,1625.125070138441
segment_928,19.23097476282151,72.91888564553804,12.459463880402238,45.825145868216936,0.7281085822130731,CONGESTED,0.9092294851711578,2025-10-02T21:06:07.036065,ARTERIAL,1587.2167810776348
segment_929,19.293742092407623,73.07677094530663,13.57183451032939,49.737704670616424,0.7271318690677893,CONGESTED,0.9526581192619343,2025-10-02T21:06:07.036065,HIGHWAY,1914.6200555398493
segment_930,19.15658908274306,72.80050723076619,54.170395885424334,60.86847205467673,0.11004179903243949,FLOWING,0.7788009205991453,2025-10-02T21:06:07.036065,HIGHWAY,1860.664552385053
segment_931,19.103150145721653,72.92622138977724,48.39198181642097,67.27141991153819,0.2806457500071151,FLOWING,0.9666257451250817,2025-10-02T21:06:07.036065,HIGHWAY,861.8436207078684
segment_932,19.047298110956675,73.1091360333706,49.17437813980021,46.13651529556352,-0.06584508658218513,FLOWING,0.8099653562137679,2025-10-02T21:06:07.036065,LOCAL,129.0901145911203
segment_933,19.227840544844796,72.94464292737015,27.35301975511758,72.37478177747784,0.6220642179037352,CONGESTED,0.8137850175182634,2025-10-02T21:06:07.036065,LOCAL,1293.5925344767834
segment_934,18.95097620831042,73.19437366744997,47.93751410783243,55.609541983359804,0.13796243597588165,FLOWING,0.8735691796838063,2025-10-02T21:06:07.036065,HIGHWAY,1152.7886327520696
segment_935,18.97328936428714,72.95148134223247,51.37296757663599,65.76852063958472,0.21888211750781483,FLOWING,0.89521731530014,2025-10-02T21:06:07.036065,LOCAL,842.3177204918027
segment_936,19.17964894761378,72.88620514301911,17.15893540476955,69.16843794003412,0.7519253590829164,CONGESTED,0.8500871556034539,2025-10-02T21:06:07.036065,LOCAL,1252.7607837430073
segment_937,18.970050680777142,73.11896822157667,44.60612334332201,43.445430861961455,-0.026716100136016774,FLOWING,0.8391429474023129,2025-10-02T21:06:07.036065,LOCAL,645.6130537480591
segment_938,19.037653834876373,72.8462422442446,26.374702008390653,41.48886818277317,0.3642944923876751,SLOW,0.9752802088785701,2025-10-02T21:06:07.036065,LOCAL,1688.953494894674
segment_939,18.990494421055807,72.84819272897539,51.83454445438591,46.264512595705995,-0.12039534291336929,FLOWING,0.9924280244008585,2025-10-02T21:06:07.036065,LOCAL,1815.7529596363422
segment_940,18.921358437927044,73.14542272119932,23.752129090343537,75.9805106038524,0.6873918205922237,CONGESTED,0.9822639719024454,2025-10-02T21:06:07.036065,ARTERIAL,1863.9078487635045
segment_941,18.92756295703468,73.01976473282438,37.4976447067313,66.10912495108897,0.43279169502736514,SLOW,0.7766998669995443,2025-10-02T21:06:07.036065,HIGHWAY,1702.9930063634574
segment_942,18.981875962967464,73.13074713886935,35.94604825965084,70.48750044776328,0.49003655922953815,SLOW,0.9140822098790414,2025-10-02T21:06:07.036565,HIGHWAY,944.4378195758476
segment_943,18.95947924289438,72.84099853167568,34.450572231132476,43.40574546224329,0.20631308449478225,FLOWING,0.7908835503670252,2025-10-02T21:06:07.036565,LOCAL,839.9258921475791
segment_944,19.299715010684025,72.92788833973594,52.745398792688455,75.25002726727558,0.2990647218592285,FLOWING,0.8050559572995883,2025-10-02T21:06:07.036565,LOCAL,1434.0978538741174
segment_945,19.056125333538912,72.80708554024375,43.675988162651784,40.868003811021666,-0.06870862508025977,FLOWING,0.8893564234180213,2025-10-02T21:06:07.036565,ARTERIAL,826.490329017093
segment_946,19.086113485035625,72.95047618750785,25.203728340250397,61.03786307605837,0.5870804272940485,SLOW,0.9426398333503452,2025-10-02T21:06:07.036565,HIGHWAY,1788.4200162893828
segment_947,19.103216987413955,73.09136899491978,22.40500170934017,53.6874562303463,0.582677159945679,SLOW,0.7583390557546941,2025-10-02T21:06:07.036565,HIGHWAY,1196.654684824287
segment_948,19.172042422856656,72.81171977724136,38.99566310589333,60.380354928968075,0.3541663815695,SLOW,0.8637249039338306,2025-10-02T21:06:07.036565,HIGHWAY,909.9656630665093
segment_949,19.08578089238109,73.06746835395916,22.34790151922759,67.30397119125222,0.6679556774484617,CONGESTED,0.9614465625272165,2025-10-02T21:06:07.036565,HIGHWAY,171.37583613356313
segment_950,19.20121620775964,73.01523786564844,32.97882913189467,49.72498121690675,0.3367754330959566,SLOW,0.9234252194889767,2025-10-02T21:06:07.036565,HIGHWAY,460.87601295593805
segment_951,19.093499111966274,72.91451194484478,18.61046396782305,65.80950578213327,0.7172070547158609,CONGESTED,0.8952915235655633,2025-10-02T21:06:07.036565,LOCAL,1630.9514447573295
segment_952,19.246604439993916,73.14728123031159,27.77723330185041,67.91457581408577,0.590997470441547,SLOW,0.7804751076766931,2025-10-02T21:06:07.036565,LOCAL,433.13505861603386
segment_953,18.90424806129755,72.85952348580727,47.672975924926966,57.87134706032846,0.17622487903677309,FLOWING,0.8342500743431285,2025-10-02T21:06:07.036565,HIGHWAY,970.5891299792104
segment_954,19.296907179584366,73.06944393279868,8.56946037461252,58.629023106699904,0.8538358662566009,CONGESTED,0.7720735055392911,2025-10-02T21:06:07.036565,HIGHWAY,1295.905051122491
segment_955,19.00790399957076,73.12032107519141,39.766733564696274,60.14054045191986,0.33876993346130124,SLOW,0.7180325668235187,2025-10-02T21:06:07.036565,ARTERIAL,1361.6232333284443
segment_956,19.04211450368859,73.17420920910355,55.17141641870502,48.37393597536395,-0.1405194823675897,FLOWING,0.7118252755361089,2025-10-02T21:06:07.036565,HIGHWAY,1204.762501064386
segment_957,19.298063224453504,72.82147883143972,10.843513965825828,46.94686547817359,0.7690258155602068,CONGESTED,0.9070513211812996,2025-10-02T21:06:07.036565,LOCAL,568.6472490050778
segment_958,19.09303819572783,73.05140156003343,35.648850832512586,69.70543958726762,0.48857863828715886,SLOW,0.7839300792661122,2025-10-02T21:06:07.036565,ARTERIAL,910.9017071684468
segment_959,19.17246875832781,73.09090738818098,39.8564747954685,45.620292124343734,0.12634327972221748,FLOWING,0.8328853032243798,2025-10-02T21:06:07.036565,ARTERIAL,1046.5596684305604
segment_960,19.038402773785077,72.97624124562367,52.13225714281635,67.36836300753947,0.22616114129146925,FLOWING,0.9647323574042745,2025-10-02T21:06:07.037065,HIGHWAY,1207.8286004020729
segment_961,19.303291590400786,73.06413433220565,33.74901997371806,40.94367871123183,0.17572086739582837,FLOWING,0.824119869274099,2025-10-02T21:06:07.037065,HIGHWAY,1887.3113566741404
segment_962,18.92006817316619,72.9408923900283,52.111459377583465,55.842179097418665,0.06680827611198381,FLOWING,0.7597470692791201,2025-10-02T21:06:07.037065,ARTERIAL,1783.2520174425076
segment_963,19.2254699583685,73.09410048652272,48.85352431074795,50.77671557318287,0.03787545611655574,FLOWING,0.9662325072257463,2025-10-02T21:06:07.037065,LOCAL,739.0568807596056
segment_964,19.146434209966284,72.8411620353368,45.15716032770337,55.489841928139,0.18620852468487403,FLOWING,0.93532169968252,2025-10-02T21:06:07.037065,ARTERIAL,1222.52861368404
segment_965,19.20300864598602,73.17651157156273,53.489944204647585,60.607689045528545,0.11743963435949689,FLOWING,0.9323957859379053,2025-10-02T21:06:07.037065,LOCAL,1365.1297558109268
segment_966,19.05904316818857,73.18176911212844,53.07929068151376,68.31763662959979,0.2230514212706789,FLOWING,0.9140956223481228,2025-10-02T21:06:07.037065,LOCAL,1347.948939068053
segment_967,18.983246631398917,72.85760128956792,59.970734181141914,64.89503725892696,0.07588104246149674,FLOWING,0.8292963617971572,2025-10-02T21:06:07.037065,LOCAL,1148.2071388322772
segment_968,19.253260391658763,73.19873971371258,28.668874552898988,52.8119496998697,0.4571517484996446,SLOW,0.9719959890855997,2025-10-02T21:06:07.037065,LOCAL,218.7115465798596
segment_969,19.202914276349546,72.89215802860582,42.686079957342635,79.27588560140983,0.4615502604163464,SLOW,0.9073317610161553,2025-10-02T21:06:07.037065,ARTERIAL,1902.7019456146445
segment_970,19.012579818699027,73.12458637566067,8.044789931612524,61.52484040159253,0.8692432214516677,CONGESTED,0.7211650191129684,2025-10-02T21:06:07.037065,LOCAL,1898.5372882788436
segment_971,19.205047470154902,72.88787285335033,29.699586597186237,71.85807078151237,0.5866910108470746,SLOW,0.8641188972755326,2025-10-02T21:06:07.037065,LOCAL,1856.851358206269
segment_972,19.11719539464447,72.84682576519275,34.04977467826594,45.07491312252373,0.24459588894356799,FLOWING,0.8777480437529215,2025-10-02T21:06:07.037065,ARTERIAL,783.5998854256662
segment_973,19.070441078724112,73.18817541955364,11.181226276033922,50.740196690113414,0.7796377033317147,CONGESTED,0.8477205277613007,2025-10-02T21:06:07.037065,LOCAL,906.3068495019058
segment_974,19.20017235738278,73.04151710291445,21.440938255408327,56.432655822697114,0.6200615061822978,CONGESTED,0.7653099396571696,2025-10-02T21:06:07.037065,HIGHWAY,348.2053249589835
segment_975,19.056171449517894,72.81033558888801,17.19787205634505,71.2188455352062,0.7585207689467041,CONGESTED,0.7603525696866638,2025-10-02T21:06:07.037065,HIGHWAY,1968.435718875088
segment_976,19.253265069754324,72.81438630248536,41.2119777457373,51.47067510231535,0.19931149797793446,FLOWING,0.8678850566934171,2025-10-02T21:06:07.037065,HIGHWAY,1723.5793282304242
segment_977,19.186933736560725,72.82093314292027,48.056673989266166,73.82043243362241,0.3490057914185536,SLOW,0.9397246437315863,2025-10-02T21:06:07.037065,LOCAL,1723.8825786301006
segment_978,19.164833532981863,73.09889445521583,16.517971895201985,61.483338223604136,0.7313423055344033,CONGESTED,0.9211657670713914,2025-10-02T21:06:07.037565,LOCAL,996.227657093298
segment_979,19.30310919030384,73.07046293338138,54.926294013268084,69.19082046294724,0.2061621231579127,FLOWING,0.920639058579305,2025-10-02T21:06:07.037565,LOCAL,794.1969989462403
segment_980,19.25347849309828,73.02184819648446,54.589717621749806,77.04771945658507,0.291481720591223,FLOWING,0.7027294543842327,2025-10-02T21:06:07.037565,LOCAL,1858.0475701069947
segment_981,19.264545989640894,72.99987329211316,8.37391309661274,68.58249384372625,0.8779001370860946,CONGESTED,0.8870235194008793,2025-10-02T21:06:07.037565,ARTERIAL,1629.4369843752022
segment_982,19.306277806768456,72.90743957316583,32.21542733803005,43.44464442025495,0.2584718377160793,FLOWING,0.8677409969388905,2025-10-02T21:06:07.037565,LOCAL,557.2950204791822
segment_983,19.21231305737546,73.10010873178871,22.45089410767479,59.34855329562853,0.6217111814698865,CONGESTED,0.7883809998821367,2025-10-02T21:06:07.037565,LOCAL,1545.9113676041552
segment_984,19.199466002581932,72.9465145544826,7.911476456285005,70.19730159140201,0.8872965729888679,CONGESTED,0.9865525481434397,2025-10-02T21:06:07.037565,HIGHWAY,1227.9323117039855
segment_985,19.155302386114013,72.96134572201053,42.205967892082604,47.597310649214364,0.1132699029334917,FLOWING,0.9456240431152575,2025-10-02T21:06:07.037565,HIGHWAY,1164.220367717762
segment_986,19.06231427701773,72.96809984072301,35.916098544277624,40.23458911548645,0.10733278669289614,FLOWING,0.7235529605360829,2025-10-02T21:06:07.037565,HIGHWAY,247.97007927345246
segment_987,19.19685751040841,73.16801526564362,19.88759823659521,54.81965748238057,0.6372177581921736,CONGESTED,0.8706764217534149,2025-10-02T21:06:07.037565,HIGHWAY,1358.0124690355403
segment_988,19.283291725148384,73.14951787616795,32.6001206547281,57.50585210630408,0.4330990766911128,SLOW,0.8019077855438761,2025-10-02T21:06:07.037565,HIGHWAY,193.38194165583639
segment_989,18.98024609852547,73.11620544301346,29.96773581763229,52.06648966524595,0.4244333349471885,SLOW,0.8152057221894874,2025-10-02T21:06:07.037565,LOCAL,1017.4692148201028
segment_990,19.06393682728985,73.1636250171587,6.601808174400791,70.76430974029196,0.9067070929027683,CONGESTED,0.9705728715246666,2025-10-02T21:06:07.037565,HIGHWAY,1146.311933794229
segment_991,19.296674748910455,72.88491100611421,33.607416628157665,58.98884508512852,0.43027505319594195,SLOW,0.777517794361111,2025-10-02T21:06:07.037565,ARTERIAL,1809.241130050148
segment_992,19.228411683511048,72.87814358433944,9.771174952575986,64.2177794122137,0.8478431511956394,CONGESTED,0.7171284281529652,2025-10-02T21:06:07.037565,HIGHWAY,293.50980377052724
segment_993,19.205967452215926,72.87986789521625,25.419900627796657,60.067966640257,0.5768143646340698,SLOW,0.9176404505350488,2025-10-02T21:06:07.037565,ARTERIAL,872.0961700271769
segment_994,19.103730621839933,73.01633082558861,50.009835276736915,46.86712780172868,-0.06705568748107327,FLOWING,0.9423494355479867,2025-10-02T21:06:07.037565,LOCAL,756.7481775295327
segment_995,19.212183679594112,72.97524466041332,49.97836368241807,61.9730546074406,0.19354687292729356,FLOWING,0.978937516789151,2025-10-02T21:06:07.037565,HIGHWAY,1314.8121210312734
segment_996,19.041959488031964,73.16274663093594,37.30534277165673,43.41609937163496,0.14074863215304334,FLOWING,0.8349411972113285,2025-10-02T21:06:07.038064,ARTERIAL,530.7950311068867
segment_997,19.15283216824927,73.07897913126573,9.977297110272671,59.901172641098114,0.8334373657415304,CONGESTED,0.7789240089772572,2025-10-02T21:06:07.038064,ARTERIAL,460.1554662201869
segment_998,19.274739924526006,72.97237653460733,15.890166666915443,57.52087185401317,0.7237495511673682,CONGESTED,0.8226231288425583,2025-10-02T21:06:07.038064,ARTERIAL,554.802689049888
segment_999,19.075546773365833,72.90047680184179,22.631217230907446,45.39913944286568,0.50150559000378,SLOW,0.7888530296676995,2025-10-02T21:06:07.038064,ARTERIAL,782.1014593506011
